scenario,seed,method,n_dogs,completion_G0_s,completion_G0_done_s,path_ratio_G0,completion_G1_s,completion_G1_done_s,path_ratio_G1,completion_G2_s,completion_G2_done_s,path_ratio_G2,completion_G3_s,completion_G3_done_s,path_ratio_G3,completion_G4_s,completion_G4_done_s,path_ratio_G4,completion_G5_s,completion_G5_done_s,path_ratio_G5,max_hard_slack_m,all_done,timeouts,deadlock,makespan_s,mean_completion_s,path_ratio,min_dogdog_m,min_dogwall_m,viol_steps_dog,max_viol_depth_m,viol_steps_wall,intervention_rate,stop_steps,reject_steps,mean_dcmd,max_dcmd,filter_p50_ms,filter_p99_ms,condition,n_falls,diverged,arena,wall_s
S5,3,nominal+raw,6,1.8800000000000001,1.8800000000000001,0.9373903210248175,11.38,11.38,0.9929378819927367,7.82,7.82,0.982562991331421,4.1,4.1,1.0102939967486684,2.06,2.06,0.921785465158399,10.46,10.46,0.9883530248606287,0.0,True,0,False,11.38,6.283333333333333,0.9722206135194452,0.1991614354877001,nan,162,0.5008385645122999,0,0.0,0,0,0.0,0.0,0.015183817595243454,0.021472107619047165,nominal+raw,0,False,3,57.6
S5,2,nominal+raw,6,12.22,12.22,0.9805018279712746,4.86,4.86,0.9882743004248292,4.74,4.74,1.001073990664435,6.74,6.74,1.0010707401692955,5.86,5.86,1.0014857386345661,9.24,9.24,0.9839911777353992,0.0,True,0,False,12.22,7.276666666666667,0.9927329625999666,0.36617166711347293,nan,71,0.333828332886527,0,0.0,0,0,0.0,0.0,0.015295576304197311,0.02172822132706642,nominal+raw,0,False,2,61.8
S5,5,nominal+raw,6,3.18,3.18,0.9696532397171014,8.700000000000001,8.700000000000001,0.9756749746477443,5.58,5.58,0.9734554964754837,3.62,3.62,0.9814192781540474,7.5,7.5,0.9729939195523092,1.98,1.98,0.9875692205583142,0.0,True,0,False,8.700000000000001,5.093333333333334,0.9767943548508333,0.4297942641432713,nan,33,0.27020573585672863,0,0.0,0,0,0.0,0.0,0.015632249414920807,0.02204766497015953,nominal+raw,0,False,2,45.6
S5,4,nominal+raw,6,2.08,2.08,1.153252106509761,12.98,12.98,1.013832289824532,2.7600000000000002,2.7600000000000002,1.0156406317387092,9.96,9.96,0.9926004411345315,4.94,4.94,0.979100836593969,8.86,8.86,1.0168184038109476,0.0,True,0,False,12.98,6.930000000000001,1.0285407849354085,0.14298383622551689,nan,306,0.557016163774483,0,0.0,0,0,0.0,0.0,0.015824101865291595,0.023311935365200043,nominal+raw,0,False,3,66.0
S5,6,nominal+raw,6,7.2,7.2,0.9831198497371229,5.0600000000000005,5.0600000000000005,1.0129312814901839,1.54,1.54,0.9334100353595214,5.64,5.64,0.9780801771096022,10.68,10.68,0.9910796227782646,4.72,4.72,1.010083908233565,0.0,True,0,False,10.68,5.806666666666667,0.98478414578471,0.21392489529406175,nan,74,0.4860751047059382,0,0.0,0,0,0.0,0.0,0.015807803720235825,0.023088417947292328,nominal+raw,0,False,2,54.9
S5,8,nominal+raw,6,3.08,3.08,0.9880657394594992,9.26,9.26,0.9752974770032915,2.3000000000000003,2.3000000000000003,1.0316175413125506,7.92,7.92,0.9765897482765895,3.46,3.46,0.9768556581107468,5.92,5.92,0.9853690350977526,0.0,True,0,False,9.26,5.323333333333333,0.988965866543405,0.550682923921974,nan,27,0.1493170760780259,0,0.0,0,0,0.0,0.0,0.015391968190670013,0.022431835532188416,nominal+raw,0,False,2,48.0
S5,0,nominal+raw,6,60.0,nan,nan,3.3200000000000003,3.3200000000000003,1.4098411258690533,60.0,nan,nan,6.26,6.26,1.3021187862389985,1.72,1.72,1.0110648401239741,5.42,5.42,1.1772184034449427,0.0,False,2,True,60.0,4.18,1.2250607889192422,0.20082875290094118,nan,2902,0.4991712470990588,0,0.0,0,0,0.0,0.0,0.01737615093588829,0.03651203587651253,nominal+raw,0,False,0,286.0
S5,1,nominal+raw,6,60.0,nan,nan,4.14,4.14,1.4418736119148494,8.48,8.48,1.1420440988319076,60.0,nan,nan,2.64,2.64,1.5327112381423875,5.1000000000000005,5.1000000000000005,1.2000366910045013,0.0,False,2,True,60.0,5.09,1.3291664099734115,0.12267997589695585,nan,2762,0.5773200241030441,0,0.0,0,0,0.0,0.0,0.015600118786096573,0.02363184466958046,nominal+raw,0,False,1,286.1
S5,11,nominal+raw,6,7.140000000000001,7.140000000000001,1.0070788592814235,7.08,7.08,0.9946401553560095,5.3,5.3,0.9907192167813436,9.74,9.74,0.9816128968695427,10.4,10.4,1.0339958319219902,2.56,2.56,1.0746262045322923,0.0,True,0,False,10.4,7.036666666666667,1.0137788607904337,0.21388165964347958,nan,245,0.48611834035652035,0,0.0,0,0,0.0,0.0,0.015935860574245453,0.021968036890029907,nominal+raw,0,False,1,53.6
S5,10,nominal+raw,6,2.64,2.64,1.024047254124375,5.88,5.88,0.9876125948756352,6.0,6.0,0.9851433232725939,3.68,3.68,0.9919457865504824,5.74,5.74,0.9954610561577156,12.6,12.6,0.9815440840012785,0.0,True,0,False,12.6,6.09,0.9942923498303468,0.9921085136217014,nan,0,0.0,0,0.0,0,0,0.0,0.0,0.016239937394857407,0.02377619966864586,nominal+raw,0,False,0,63.9
S5,13,nominal+raw,6,4.82,4.82,0.965714670282762,0.66,0.66,0.9146547998194872,2.7,2.7,0.9615234282041747,5.98,5.98,0.9639849058178442,6.28,6.28,0.9664293755402391,1.8800000000000001,1.8800000000000001,0.9816070751461906,0.0,True,0,False,6.28,3.72,0.9589857091351163,1.7098816814006097,nan,0,0.0,0,0.0,0,0,0.0,0.0,0.016096048057079315,0.023344065994024277,nominal+raw,0,False,0,34.3
S5,12,nominal+raw,6,5.72,5.72,0.9899049410189269,5.32,5.32,0.9840950977204861,1.9000000000000001,1.9000000000000001,1.005340939856841,1.8,1.8,0.9696876412507488,4.12,4.12,0.9796405471102491,9.38,9.38,0.9770210770101847,0.0,True,0,False,9.38,4.706666666666667,0.9842817073279061,0.8440044413834582,nan,0,0.0,0,0.0,0,0,0.0,0.0,0.016352161765098572,0.023535918444395065,nominal+raw,0,False,1,48.7
S5,7,nominal+raw,6,3.68,3.68,1.2820533225302289,60.0,nan,nan,3.64,3.64,1.174563432175888,2.7600000000000002,2.7600000000000002,1.7385397081863312,3.08,3.08,1.3408348935833074,60.0,nan,nan,0.0,False,2,True,60.0,3.29,1.383997839118939,0.18133806378864686,nan,2869,0.5186619362113531,0,0.0,0,0,0.0,0.0,0.01627206802368164,0.035056378692388535,nominal+raw,0,False,3,286.2
S5,14,nominal+raw,6,6.7,6.7,0.9652394453759975,6.32,6.32,0.9727344628657819,1.6400000000000001,1.6400000000000001,0.9218242458674086,3.64,3.64,0.9620785067234195,4.18,4.18,0.960796812844525,1.82,1.82,0.9564824813309434,0.0,True,0,False,6.7,4.05,0.956525992501346,0.40364367017358693,nan,86,0.296356329826413,0,0.0,0,0,0.0,0.0,0.016528181731700897,0.024784356355667114,nominal+raw,0,False,0,36.5
S5,9,nominal+raw,6,60.0,nan,nan,60.0,nan,nan,60.0,nan,nan,3.3000000000000003,3.3000000000000003,1.0608946170124038,9.34,9.34,1.1112965211638985,3.14,3.14,1.1710213732352455,0.0,False,3,True,60.0,5.26,1.1144041704705159,0.1262277663874257,nan,2917,0.5737722336125742,0,0.0,0,0,0.0,0.0,0.01640012487769127,0.034559983760118484,nominal+raw,0,False,2,287.0
S5,18,nominal+raw,6,5.08,5.08,0.9964203622676282,0.38,0.38,0.3974753432043574,4.6000000000000005,4.6000000000000005,0.9951214049573828,5.66,5.66,1.0969767459138302,5.72,5.72,0.9863350034880686,12.96,12.96,1.0102984210089816,0.0,True,0,False,12.96,5.733333333333333,0.9137712134733748,0.14268803840232916,nan,214,0.5573119615976708,0,0.0,0,0,0.0,0.0,0.01612771302461624,0.02315174788236618,nominal+raw,0,False,2,66.1
S5,15,nominal+raw,6,3.12,3.12,1.3210167885041881,60.0,nan,nan,1.6,1.6,2.4241020995953155,60.0,nan,nan,3.5,3.5,1.3099568242698136,1.26,1.26,2.604299993318341,0.0,False,2,True,60.0,2.37,1.9148439264219146,0.12901117524890218,nan,2966,0.5709888247510978,0,0.0,0,0,0.0,0.0,0.016991980373859406,0.03595184534788132,nominal+raw,0,False,1,287.6
S5,16,nominal+raw,6,1.24,1.24,3.2394224151044657,1.9000000000000001,1.9000000000000001,0.9300950252794209,3.94,3.94,1.201071401663284,6.5600000000000005,6.5600000000000005,1.1563650478612177,6.2,6.2,1.1866743373402862,60.0,nan,nan,0.0,False,1,True,60.0,3.968,1.542725645449735,0.1933428034586361,nan,2927,0.5066571965413639,0,0.0,0,0,0.0,0.0,0.01593632623553276,0.03204774111509323,nominal+raw,1,False,3,287.6
S5,17,nominal+raw,6,60.0,nan,nan,6.26,6.26,1.158556675037917,5.0600000000000005,5.0600000000000005,1.174638812901473,4.74,4.74,1.395476373126636,7.1000000000000005,7.1000000000000005,1.2476252213490997,60.0,nan,nan,0.0,False,2,True,60.0,5.79,1.2440742706037815,0.12209621916834626,nan,2841,0.5779037808316537,0,0.0,0,0,0.0,0.0,0.016080215573310852,0.025040004402399063,nominal+raw,0,False,0,287.3
S5,20,nominal+raw,6,2.8000000000000003,2.8000000000000003,0.9574921524311005,5.74,5.74,0.9674021680856286,7.54,7.54,0.9693997987848654,1.6400000000000001,1.6400000000000001,0.8714042673361398,4.3,4.3,0.9738385109157774,5.0600000000000005,5.0600000000000005,0.9741780802210431,0.0,True,0,False,7.54,4.513333333333334,0.9522858296290925,1.8175318742460786,nan,0,0.0,0,0.0,0,0,0.0,0.0,0.0164802186191082,0.02440018579363823,nominal+raw,0,False,1,40.4
S5,21,nominal+raw,6,5.36,5.36,0.9900333038388904,4.38,4.38,1.0052465753643007,9.48,9.48,0.9938524179419103,10.46,10.46,1.038407929744335,2.02,2.02,0.8909972194857178,7.76,7.76,1.0141687238967956,0.0,True,0,False,10.46,6.576666666666667,0.9887843617119916,0.1583249665327303,nan,300,0.5416750334672696,0,0.0,0,0,0.0,0.0,0.016224104911088943,0.024511944502592087,nominal+raw,0,False,3,54.1
S5,23,nominal+raw,6,8.700000000000001,8.700000000000001,0.9799546862958599,3.38,3.38,0.9788220331892944,0.4,0.4,0.6107091347338889,9.52,9.52,0.998168970084763,9.44,9.44,1.0061780207019304,1.74,1.74,1.0152475211552834,0.0,True,0,False,9.52,5.53,0.93151339436017,0.2134006822792995,nan,152,0.4865993177207004,0,0.0,0,0,0.0,0.0,0.01606391742825508,0.02275221049785614,nominal+raw,0,False,1,49.8
S5,22,nominal+raw,6,12.52,12.52,0.9848476137628653,5.44,5.44,0.9940128495077826,7.12,7.12,0.9841392045025065,8.78,8.78,0.9907323441518232,7.12,7.12,0.9870206391767666,2.5,2.5,1.0373170480574518,0.0,True,0,False,12.52,7.246666666666666,0.996344949859866,0.5642675008400013,nan,34,0.13573249915999863,0,0.0,0,0,0.0,0.0,0.016239937394857407,0.024384818971157074,nominal+raw,0,False,0,64.1
S5,25,nominal+raw,6,9.1,9.1,0.9778191575668432,8.94,8.94,0.9761871517665988,3.6,3.6,0.9841585565395747,8.22,8.22,0.9879471634993391,2.5,2.5,0.9915170137821941,4.96,4.96,0.9943741608543853,0.0,True,0,False,9.1,6.22,0.9853338673348225,0.22069257193387903,nan,177,0.4793074280661209,0,0.0,0,0,0.0,0.0,0.016367994248867035,0.02377619966864586,nominal+raw,0,False,1,47.6
S5,26,nominal+raw,6,7.0200000000000005,7.0200000000000005,0.9772696077240348,10.200000000000001,10.200000000000001,0.9765819397980512,4.74,4.74,0.9890036808455365,4.32,4.32,0.9791330396251601,2.4,2.4,1.0033859277292505,8.040000000000001,8.040000000000001,0.9827906869892725,0.0,True,0,False,10.200000000000001,6.12,0.984694147118551,0.5026352799741914,nan,94,0.19736472002580852,0,0.0,0,0,0.0,0.0,0.016272999346256256,0.023039989173412323,nominal+raw,0,False,0,52.5
S5,19,nominal+raw,6,60.0,nan,nan,8.6,8.6,1.0960720622666822,2.12,2.12,2.1821467037052065,1.56,1.56,2.451172285170414,60.0,nan,nan,7.22,7.22,1.2424675784031012,0.0,False,2,True,60.0,4.875,1.7429646573863509,0.22437568718326986,nan,2915,0.4756243128167301,0,0.0,0,0,0.0,0.0,0.01683225855231285,0.03592018038034439,nominal+raw,0,False,2,287.4
S5,27,nominal+raw,6,6.08,6.08,0.9811994431084322,5.66,5.66,0.9880141707930323,3.62,3.62,0.9807423115594494,7.68,7.68,0.9786950909634924,9.56,9.56,0.978052798200085,4.08,4.08,0.9949878735682196,0.0,True,0,False,9.56,6.113333333333333,0.9836152813654518,0.42998356323695736,nan,85,0.2700164367630426,0,0.0,0,0,0.0,0.0,0.016431789845228195,0.024959910660982132,nominal+raw,0,False,1,50.0
S5,29,nominal+raw,6,3.36,3.36,0.9591672066584964,6.3,6.3,0.9670070182754449,4.16,4.16,0.9592586549247127,4.98,4.98,0.9657006325701766,4.26,4.26,0.9534634636810216,5.5600000000000005,5.5600000000000005,0.9615608433071361,0.0,True,0,False,6.3,4.7700000000000005,0.9610263032361648,0.5376335513145386,nan,16,0.16236644868546135,0,0.0,0,0,0.0,0.0,0.01619197428226471,0.02383999526500702,nominal+raw,0,False,2,34.3
S5,24,nominal+raw,6,5.76,5.76,1.3120915144038128,1.78,1.78,1.1051807563997649,10.5,10.5,1.1674936760239345,4.86,4.86,1.249588590530829,60.0,nan,nan,9.14,9.14,1.1030671649028176,0.0,False,1,True,60.0,6.408,1.1874843404522317,0.33811943785413867,nan,153,0.3618805621458613,0,0.0,0,0,0.0,0.0,0.017136335372924805,0.03585591912269592,nominal+raw,0,False,3,286.9
S5,32,nominal+raw,6,8.74,8.74,1.0049379610266818,6.7,6.7,1.0433643621817783,4.0200000000000005,4.0200000000000005,0.9818730975997706,5.76,5.76,1.0621855012976078,13.36,13.36,1.0237160306770363,9.8,9.8,1.0093457101622236,0.0,True,0,False,13.36,8.063333333333333,1.0209037771575165,0.14388810579994069,nan,169,0.5561118942000592,0,0.0,0,0,0.0,0.0,0.016031786799430847,0.022496096789836884,nominal+raw,0,False,3,68.3
S5,28,nominal+raw,6,5.12,5.12,1.3494456414305882,4.14,4.14,1.3727231187162248,8.76,8.76,1.2313235900857749,2.6,2.6,1.8762185898141563,60.0,nan,nan,4.04,4.04,1.473352699960125,0.0,False,1,True,60.0,4.932,1.4606127280013739,0.21427614657434235,nan,176,0.4857238534256576,0,0.0,0,0,0.0,0.0,0.016224104911088943,0.03489619120955467,nominal+raw,0,False,0,287.2
S5,30,nominal+raw,6,60.0,nan,nan,4.5200000000000005,4.5200000000000005,1.2278529959415427,5.54,5.54,1.1808083284300543,11.4,11.4,1.120688733301277,4.9,4.9,1.3969887204335811,7.2,7.2,1.1349661631228891,0.0,False,1,True,60.0,6.712000000000001,1.2122609882458688,0.14788030951029263,nan,390,0.5521196904897073,0,0.0,0,0,0.0,0.0,0.01598382368683815,0.03350386396050453,nominal+raw,0,False,1,286.9
S5,31,nominal+raw,6,60.0,nan,nan,1.3,1.3,0.7734509101464123,3.74,3.74,1.5521634110947633,60.0,nan,nan,7.640000000000001,7.640000000000001,1.2253457120194988,9.74,9.74,1.0436309573827318,0.0,False,2,True,60.0,5.605,1.1486477476608516,0.12647562385070085,nan,2842,0.5735243761492991,0,0.0,0,0,0.0,0.0,0.016048084944486618,0.03240024670958519,nominal+raw,0,False,2,287.7
S5,36,nominal+raw,6,6.5200000000000005,6.5200000000000005,0.9823604359568775,9.1,9.1,0.9788455331349828,2.88,2.88,1.0242808678735682,3.38,3.38,0.9695642882341765,7.74,7.74,0.9779959018891771,7.8,7.8,0.9814107450302836,0.0,True,0,False,9.1,6.236666666666666,0.9857429620198442,0.22342706637622822,nan,230,0.47657293362377173,0,0.0,0,0,0.0,0.0,0.016031786799430847,0.022111926227808,nominal+raw,0,False,2,47.5
S5,33,nominal+raw,6,60.0,nan,nan,3.02,3.02,1.1666668567027088,60.0,nan,nan,3.56,3.56,1.3487066773664829,7.82,7.82,1.0679136016781687,8.08,8.08,1.1633533485560945,0.0,False,2,True,60.0,5.62,1.1866601210758638,0.1443893828553707,nan,2948,0.5556106171446292,0,0.0,0,0,0.0,0.0,0.017200130969285965,0.0363360159099102,nominal+raw,0,False,3,287.0
S5,34,nominal+raw,6,4.74,4.74,1.3861247304309348,1.4000000000000001,1.4000000000000001,0.7782478972765182,2.52,2.52,1.5037929530127707,5.98,5.98,1.190983137116122,60.0,nan,nan,60.0,nan,nan,0.0,False,2,True,60.0,3.66,1.2147871794590863,0.36291084559835785,nan,2893,0.3370891544016421,0,0.0,0,0,0.0,0.0,0.01583993434906006,0.024592038244009018,nominal+raw,0,False,0,287.5
S5,38,nominal+raw,6,4.08,4.08,0.9527714803056478,3.18,3.18,0.9363044138413917,3.1,3.1,0.9342515391394984,2.38,2.38,0.912811219425121,4.5600000000000005,4.5600000000000005,0.9515110070508687,2.82,2.82,0.922000616261046,0.0,True,0,False,4.5600000000000005,3.3533333333333335,0.9349417126705957,1.146738561137949,nan,0,0.0,0,0.0,0,0,0.0,0.0,0.016287900507450104,0.023680273443460464,nominal+raw,0,False,3,26.4
S5,35,nominal+raw,6,3.94,3.94,1.4361284547817503,3.88,3.88,1.485652083827547,60.0,nan,nan,2.62,2.62,1.4760840973149376,60.0,nan,nan,3.2,3.2,1.6465556102116028,0.0,False,2,True,60.0,3.41,1.5111050615339594,0.1447271055064798,nan,2760,0.5552728944935201,0,0.0,0,0,0.0,0.0,0.015967991203069687,0.03355229273438454,nominal+raw,0,False,1,287.3
S5,40,nominal+raw,6,7.46,7.46,0.9772952182907746,2.9,2.9,1.1361955945146218,3.06,3.06,0.992297172388783,5.16,5.16,0.9903114242927102,7.3,7.3,0.9776755157962722,9.38,9.38,0.9806220798749986,0.0,True,0,False,9.38,5.876666666666667,1.0090661675263601,0.2196717232056038,nan,193,0.48032827679439616,0,0.0,0,0,0.0,0.0,0.016224104911088943,0.02337619662284851,nominal+raw,0,False,3,49.4
S5,41,nominal+raw,6,7.24,7.24,0.9889164197787578,3.3000000000000003,3.3000000000000003,0.9787552881089395,1.58,1.58,0.8362637227171662,7.58,7.58,0.993280485758205,9.06,9.06,0.9860070758276316,11.58,11.58,0.9845527885662103,0.0,True,0,False,11.58,6.723333333333334,0.9612959634594851,0.346106427833175,nan,189,0.35389357216682493,0,0.0,0,0,0.0,0.0,0.016176141798496246,0.023263972252607346,nominal+raw,0,False,1,59.8
S5,37,nominal+raw,6,60.0,nan,nan,3.24,3.24,1.3161841547664943,4.78,4.78,1.0312525334260665,8.92,8.92,1.1075564926135,5.28,5.28,1.2568184890626393,1.62,1.62,0.869703925961023,0.0,False,1,True,60.0,4.768,1.1163031191659445,0.16549485084075904,nan,2889,0.534505149159241,0,0.0,0,0,0.0,0.0,0.016015954315662384,0.03460794687271118,nominal+raw,0,False,2,287.5
S5,42,nominal+raw,6,4.4,4.4,0.9813823768377956,6.28,6.28,0.9747247376641598,6.58,6.58,0.9860886075232325,8.46,8.46,0.9914963896581859,6.140000000000001,6.140000000000001,0.9864124113582998,9.040000000000001,9.040000000000001,0.9831255094857976,0.0,True,0,False,9.040000000000001,6.816666666666667,0.9838716720879118,0.13800282849832507,nan,172,0.5619971715016749,0,0.0,0,0,0.0,0.0,0.016352161765098572,0.024783890694379807,nominal+raw,0,False,3,47.6
S5,39,nominal+raw,6,0.0,0.0,3.555501268784593,4.46,4.46,1.227291137455616,60.0,nan,nan,5.78,5.78,1.1587808392419447,7.78,7.78,1.1243711037988513,7.3,7.3,1.0707969988463553,0.0,False,1,True,60.0,5.064,1.627348269625472,0.22201701687254047,nan,2881,0.47798298312745946,0,0.0,0,0,0.0,0.0,0.01700781285762787,0.035727862268686295,nominal+raw,0,False,0,287.8
S5,46,nominal+raw,6,5.68,5.68,0.9757220538505548,5.14,5.14,0.9856243006380138,8.66,8.66,0.9783849996544467,8.84,8.84,0.9745757260191418,1.28,1.28,0.8483112044720661,7.26,7.26,0.9771021523234072,0.0,True,0,False,8.84,6.1433333333333335,0.9566200728262717,1.6026409403235928,nan,0,0.0,0,0.0,0,0,0.0,0.0,0.016096048057079315,0.023743603378534317,nominal+raw,0,False,0,46.4
S5,47,nominal+raw,6,1.8800000000000001,1.8800000000000001,0.9446716138112529,3.54,3.54,0.9691098697664297,5.0,5.0,0.9954030749702422,8.700000000000001,8.700000000000001,0.9757680856985235,6.28,6.28,0.9727603971351748,6.96,6.96,0.9788523139624603,0.0,True,0,False,8.700000000000001,5.3933333333333335,0.9727608925573472,0.28793968348764887,nan,52,0.4120603165123511,0,0.0,0,0,0.0,0.0,0.01619197428226471,0.02363184466958046,nominal+raw,0,False,0,46.0
S5,43,nominal+raw,6,12.74,12.74,1.1068515694317411,3.86,3.86,1.2145628062079659,16.98,16.98,1.348502292328362,60.0,nan,nan,3.24,3.24,1.0383626740132772,10.02,10.02,1.084031690889878,0.0,False,1,True,60.0,9.368,1.158462206574245,0.20380619366069924,nan,2935,0.4961938063393007,0,0.0,0,0,0.0,0.0,0.01639965921640396,0.0356319360435009,nominal+raw,0,False,1,287.4
S5,44,nominal+raw,6,9.26,9.26,1.1901843104580023,1.56,1.56,1.530321745429846,8.6,8.6,1.0647154722593613,60.0,nan,nan,60.0,nan,nan,2.42,2.42,1.7212436449852357,0.0,False,2,True,60.0,5.46,1.3766162932831114,0.12735231397125446,nan,2930,0.5726476860287455,0,0.0,0,0,0.0,0.0,0.015951693058013916,0.025535933673381805,nominal+raw,1,False,2,287.5
S5,45,nominal+raw,6,2.7800000000000002,2.7800000000000002,1.4977032888781234,2.72,2.72,1.4524451169313795,60.0,nan,nan,8.4,8.4,1.118145549048511,2.9,2.9,1.397851318702227,2.2,2.2,0.9305412166397837,0.0,False,1,True,60.0,3.8000000000000003,1.2793372980400048,0.3397040411743195,nan,54,0.36029595882568044,0,0.0,0,0,0.0,0.0,0.01577567309141159,0.02433639019727707,nominal+raw,1,False,3,287.5
S5,48,nominal+raw,6,2.74,2.74,0.9590778657273646,6.94,6.94,0.9663709968130084,2.18,2.18,0.9409106931818978,1.44,1.44,0.8348988135280349,3.94,3.94,0.9570674271955427,2.66,2.66,0.9833454405681421,0.0,True,0,False,6.94,3.316666666666667,0.9402785395023318,0.5757269409090405,nan,27,0.12427305909095943,0,0.0,0,0,0.0,0.0,0.017280224710702896,0.03590434789657593,nominal+raw,0,False,0,37.7
S5,52,nominal+raw,6,7.24,7.24,0.9753340718625936,4.82,4.82,1.1157157104849353,5.74,5.74,0.9690461388338619,3.8000000000000003,3.8000000000000003,0.9564080800347432,1.1400000000000001,1.1400000000000001,0.7394947023916416,3.64,3.64,0.9759199523867679,0.0,True,0,False,7.24,4.3966666666666665,0.9553197759990906,0.22104879259155027,nan,134,0.47895120740844965,0,0.0,0,0,0.0,0.0,0.015680212527513504,0.02310425043106079,nominal+raw,0,False,0,38.7
S5,51,nominal+raw,6,3.64,3.64,1.0262451562217845,3.74,3.74,1.0140526708027546,3.08,3.08,0.9966810246243014,11.14,11.14,0.9815741531331196,3.9,3.9,1.0322544720458549,2.82,2.82,0.9755177904130584,0.0,True,0,False,11.14,4.72,1.0043875445401456,0.8965323921330347,nan,0,0.0,0,0.0,0,0,0.0,0.0,0.01598382368683815,0.023392029106616974,nominal+raw,0,False,3,57.4
S5,54,nominal+raw,6,5.1000000000000005,5.1000000000000005,0.9712300739026287,7.84,7.84,0.9731880817689392,8.8,8.8,0.9760947933802954,5.24,5.24,0.9872634778653038,7.42,7.42,0.9770709625629754,8.92,8.92,0.9770598652476105,0.0,True,0,False,8.92,7.220000000000001,0.9769845424546255,0.8414450990294162,nan,0,0.0,0,0.0,0,0,0.0,0.0,0.015680212527513504,0.021887943148612976,nominal+raw,0,False,3,46.7
S5,55,nominal+raw,6,2.6,2.6,0.938781160873297,6.86,6.86,0.968580888014207,4.6000000000000005,4.6000000000000005,0.9692568754506437,4.68,4.68,0.9673128937803815,3.96,3.96,0.9746682614521908,7.84,7.84,0.9671889837961501,0.0,True,0,False,7.84,5.09,0.9642981772278116,0.6548607920084397,nan,34,0.04513920799156024,0,0.0,0,0,0.0,0.0,0.015615951269865036,0.02254405990242958,nominal+raw,0,False,3,42.0
S5,49,nominal+raw,6,3.7800000000000002,3.7800000000000002,1.366697275061009,60.0,nan,nan,60.0,nan,nan,3.98,3.98,1.5077155961280617,3.2800000000000002,3.2800000000000002,1.6092354471716486,5.5,5.5,1.1680237333318835,0.0,False,2,True,60.0,4.135,1.4129180129231507,0.21112619301979305,nan,2852,0.4888738069802069,0,0.0,0,0,0.0,0.0,0.01743994653224945,0.036975834518671036,nominal+raw,0,False,1,287.7
S5,50,nominal+raw,6,60.0,nan,nan,7.92,7.92,1.1279116146550585,60.0,nan,nan,7.2,7.2,1.1302884542414104,4.84,4.84,1.2225822936150863,2.52,2.52,1.639893678731839,0.0,False,2,True,60.0,5.62,1.2801690103108485,0.16007535457316607,nan,2945,0.5399246454268338,0,0.0,0,0,0.0,0.0,0.015760306268930435,0.02527981996536255,nominal+raw,0,False,2,287.7
S5,57,nominal+raw,6,1.24,1.24,0.7802514238964122,3.74,3.74,0.9833671035662195,5.4,5.4,0.9720878498270357,3.6,3.6,0.9654719069036461,1.62,1.62,0.8574727463291552,7.88,7.88,0.9688911128517607,0.0,True,0,False,7.88,3.9133333333333336,0.9212570238957049,1.2033429129627933,nan,0,0.0,0,0.0,0,0,0.0,0.0,0.01606391742825508,0.024127773940563202,nominal+raw,0,False,1,42.2
S5,53,nominal+raw,6,2.82,2.82,1.69702526786631,3.24,3.24,1.5148769727505285,60.0,nan,nan,1.3800000000000001,1.3800000000000001,1.4862133297244426,3.54,3.54,1.2670580998450172,7.74,7.74,1.1915975568825203,0.0,False,1,True,60.0,3.744,1.4313542454137638,0.10235211189105757,nan,2940,0.5976478881089424,0,0.0,0,0,0.0,0.0,0.015904195606708527,0.03452785313129425,nominal+raw,0,False,0,288.2
S5,60,nominal+raw,6,2.7600000000000002,2.7600000000000002,0.9589857214989185,6.58,6.58,0.9744185599266332,7.66,7.66,0.9696138924794001,2.68,2.68,0.9593281104726,6.12,6.12,0.9692819450466883,5.14,5.14,0.9674097195756867,0.0,True,0,False,7.66,5.156666666666666,0.9665063248333211,0.4539332310232773,nan,78,0.24606676897672264,0,0.0,0,0,0.0,0.0,0.01606391742825508,0.0228160060942173,nominal+raw,0,False,0,41.3
S5,56,nominal+raw,6,60.0,nan,nan,60.0,nan,nan,60.0,nan,nan,2.04,2.04,0.8924647878807259,5.98,5.98,1.1638680933471792,60.0,nan,nan,0.0,False,4,True,60.0,4.01,1.0281664406139526,0.13372368886156297,nan,2840,0.566276311138437,0,0.0,0,0,0.0,0.0,0.016352161765098572,0.03495998680591583,nominal+raw,0,False,3,288.4
S5,61,nominal+raw,6,9.36,9.36,1.0643175360568218,4.04,4.04,1.0276285450244094,4.14,4.14,0.9887020894193118,10.88,10.88,1.0295874561030363,9.86,9.86,0.991028862667322,3.84,3.84,1.011237150367658,0.0,True,0,False,10.88,7.02,1.0187502732730933,0.1679940052903979,nan,321,0.5320059947096021,0,0.0,0,0,0.0,0.0,0.01592002809047699,0.02289609983563423,nominal+raw,0,False,0,56.2
S5,63,nominal+raw,6,5.14,5.14,0.958771049190591,5.7,5.7,0.9745617225164335,6.68,6.68,0.9634672104217298,6.9,6.9,0.9571775373311918,2.6,2.6,0.968112697293107,5.08,5.08,0.9693027507470806,0.0,True,0,False,6.9,5.35,0.9652321612500223,0.8204754533616574,nan,0,0.0,0,0.0,0,0,0.0,0.0,0.016080215573310852,0.023039989173412323,nominal+raw,0,False,0,37.5
S5,58,nominal+raw,6,7.58,7.58,1.1530872688561538,4.22,4.22,1.026550022588176,5.74,5.74,1.1710546912559405,5.62,5.62,1.2370759039737311,4.26,4.26,1.257465649641037,60.0,nan,nan,0.0,False,1,True,60.0,5.484,1.1690467072630077,0.23593238272619071,nan,2868,0.46406761727380924,0,0.0,0,0,0.0,0.0,0.016751699149608612,0.03524823114275932,nominal+raw,0,False,2,288.4
S5,59,nominal+raw,6,11.48,11.48,1.0752373158495316,60.0,nan,nan,60.0,nan,nan,6.88,6.88,1.1833557020811454,60.0,nan,nan,7.0200000000000005,7.0200000000000005,1.0176025718333301,0.0,False,3,True,60.0,8.46,1.0920651965880024,0.16752666155266707,nan,2930,0.5324733384473329,0,0.0,0,0,0.0,0.0,0.01630512997508049,0.03340793773531914,nominal+raw,0,False,1,288.5
S5,65,nominal+raw,6,4.92,4.92,0.9926886195410707,2.42,2.42,1.098663023109409,4.32,4.32,0.9820437345218637,10.92,10.92,0.9834016132267821,8.16,8.16,0.9794542416319119,7.68,7.68,0.992001678042768,0.0,True,0,False,10.92,6.403333333333333,1.0047088183456343,0.1705515927414345,nan,313,0.5294484072585655,0,0.0,0,0,0.0,0.0,0.0163358636200428,0.02371193841099739,nominal+raw,0,False,2,56.4
S5,67,nominal+raw,6,9.88,9.88,0.9772518239674903,6.74,6.74,0.9997252781263652,0.24,0.24,1.2507588276074075,4.16,4.16,0.9806790899419628,5.0,5.0,0.9875972121931877,9.56,9.56,0.9773758806593494,0.0,True,0,False,9.88,5.930000000000001,1.0288980187492938,0.3986843563446621,nan,64,0.30131564365533786,0,0.0,0,0,0.0,0.0,0.015967991203069687,0.022431835532188416,nominal+raw,0,False,2,51.6
S5,66,nominal+raw,6,2.18,2.18,1.078623413401381,3.66,3.66,1.0821239172980353,15.24,15.24,1.1650960355630617,12.26,12.26,1.0208435897049146,5.92,5.92,1.0036162123327927,5.84,5.84,1.0313159520852266,0.0,True,0,False,15.24,7.516666666666667,1.063603186730902,0.2448462798655554,nan,482,0.45515372013444455,0,0.0,0,0,0.0,0.0,0.01619197428226471,0.024416018277406693,nominal+raw,0,False,1,76.6
S5,69,nominal+raw,6,7.36,7.36,0.9719007320696447,4.82,4.82,0.959040162314625,4.8,4.8,0.9719465522729877,4.1,4.1,0.9761061894375057,3.98,3.98,0.9622498499440518,6.82,6.82,0.9719314003772774,0.0,True,0,False,7.36,5.3133333333333335,0.9688624810693487,0.2572214908891918,nan,61,0.4427785091108082,0,0.0,0,0,0.0,0.0,0.016160309314727783,0.02204813063144684,nominal+raw,0,False,1,39.6
S5,68,nominal+raw,6,0.24,0.24,0.31589026843984047,4.78,4.78,0.9612144743950529,1.72,1.72,1.0282520186026252,7.68,7.68,0.9683952594353046,4.22,4.22,0.9677377394693067,2.34,2.34,0.9443590003427702,0.0,True,0,False,7.68,3.4966666666666666,0.8643081267808167,0.9045390358223733,nan,0,0.0,0,0.0,0,0,0.0,0.0,0.016448087990283966,0.02446398138999939,nominal+raw,0,False,2,41.1
S5,62,nominal+raw,6,1.3,1.3,4.725542663788388,60.0,nan,nan,5.0600000000000005,5.0600000000000005,1.1744066586387532,4.38,4.38,1.3035200506427085,60.0,nan,nan,4.54,4.54,1.2341308459133942,0.0,False,2,True,60.0,3.8200000000000003,2.109400054745811,0.20797839422723327,nan,2867,0.49202160577276666,0,0.0,0,0,0.0,0.0,0.016880221664905548,0.03585591912269592,nominal+raw,0,False,3,288.1
S5,64,nominal+raw,6,3.2,3.2,1.0930221859031213,60.0,nan,nan,4.9,4.9,1.150351859185125,3.66,3.66,1.5764593870073893,6.38,6.38,1.2507129014387026,5.4,5.4,1.037103947328966,0.0,False,1,True,60.0,4.708,1.2215300561726607,0.1233729306902,nan,2840,0.5766270693097999,0,0.0,0,0,0.0,0.0,0.016384292393922806,0.03348803147673607,nominal+raw,0,False,0,288.4
S5,71,nominal+raw,6,5.0200000000000005,5.0200000000000005,0.982674184358024,9.68,9.68,0.9780285172358159,5.16,5.16,0.9657557540638406,6.28,6.28,0.987889084009228,10.0,10.0,0.9793452412970842,4.58,4.58,0.9872632847296184,0.0,True,0,False,10.0,6.786666666666667,0.9801593442822685,0.5369905391228993,nan,33,0.16300946087710066,0,0.0,0,0,0.0,0.0,0.016448087990283966,0.02479972317814827,nominal+raw,0,False,2,52.3
S5,70,nominal+raw,6,5.0200000000000005,5.0200000000000005,0.9877222844070443,2.36,2.36,0.9879416983114903,3.5,3.5,1.0107167960122125,10.28,10.28,0.9775543479080697,3.52,3.52,0.9844271766056936,1.98,1.98,1.057920498022333,0.0,True,0,False,10.28,4.443333333333333,1.001047133544474,0.8050946261185122,nan,0,0.0,0,0.0,0,0,0.0,0.0,0.016767997294664383,0.034623779356479645,nominal+raw,0,False,1,53.6
S5,72,nominal+raw,6,9.48,9.48,0.9766468426301254,5.5600000000000005,5.5600000000000005,0.9874948572698932,8.32,8.32,0.9913164424486262,6.8,6.8,0.9726084476358274,2.84,2.84,0.962708533341466,3.14,3.14,0.9686561473448676,0.0,True,0,False,9.48,6.023333333333333,0.9765718784451343,0.42407496202184725,nan,187,0.2759250379781527,0,0.0,0,0,0.0,0.0,0.016160309314727783,0.03227218985557556,nominal+raw,0,False,3,49.9
S5,75,nominal+raw,6,5.48,5.48,0.9769978327071299,2.42,2.42,0.9369191329184428,5.94,5.94,0.9766973897093689,4.54,4.54,0.988850861875146,2.58,2.58,1.008304988789487,7.6000000000000005,7.6000000000000005,0.9725351587404281,0.0,True,0,False,7.6000000000000005,4.76,0.9767175607900005,0.9420218402694941,nan,0,0.0,0,0.0,0,0,0.0,0.0,0.015887897461652756,0.024223700165748596,nominal+raw,0,False,1,40.7
S5,73,nominal+raw,6,3.12,3.12,0.9559721288616555,3.3000000000000003,3.3000000000000003,0.9826726242723602,9.18,9.18,0.9835203492037486,1.26,1.26,0.7278618797423166,6.48,6.48,0.987658414538886,8.68,8.68,1.1222172440792546,0.0,True,0,False,9.18,5.336666666666667,0.9599837734497036,0.27630215849588996,nan,158,0.42369784150411,0,0.0,0,0,0.0,0.0,0.017536338418722153,0.03740936517715454,nominal+raw,0,False,0,47.8
S5,74,nominal+raw,6,8.5,8.5,0.9736919411366566,8.2,8.2,0.978105825628852,1.84,1.84,0.9259831655642221,3.68,3.68,0.9908036514355762,8.22,8.22,0.9660385387807869,6.34,6.34,0.9795136939702658,0.0,True,0,False,8.5,6.13,0.9690228027527266,0.7202626415771333,nan,0,0.0,0,0.0,0,0,0.0,0.0,0.015904195606708527,0.0321120023727417,nominal+raw,0,False,2,44.8
S5,78,nominal+raw,6,6.66,6.66,0.9640801401015342,3.92,3.92,0.9687027804686936,4.98,4.98,0.9791702223439526,5.7,5.7,0.9668088969354404,5.42,5.42,0.9711225990554355,5.68,5.68,0.9640115620964598,0.0,True,0,False,6.66,5.3933333333333335,0.9689827001669193,1.361657786771389,nan,0,0.0,0,0.0,0,0,0.0,0.0,0.01600012183189392,0.025120098143815994,nominal+raw,0,False,0,36.2
S5,79,nominal+raw,6,1.52,1.52,1.5384828738812806,3.8200000000000003,3.8200000000000003,0.9925159964740029,6.8,6.8,0.9693836630935811,0.0,0.0,0.08876568294567826,2.58,2.58,0.9515213871115367,8.38,8.38,0.965087517212283,0.0,True,0,False,8.38,3.85,0.9176261867863937,0.17044678045114944,nan,168,0.5295532195488505,0,0.0,0,0,0.0,0.0,0.01611188054084778,0.02283276990056038,nominal+raw,1,False,2,44.8
S5,80,nominal+raw,6,6.18,6.18,0.9860777795560918,1.48,1.48,1.009483895586015,9.52,9.52,0.9761777149592076,6.0,6.0,0.9787303485160104,1.98,1.98,0.8887602061917201,3.68,3.68,0.9845667719411466,0.0,True,0,False,9.52,4.806666666666667,0.9706327861250319,0.7622116585072504,nan,0,0.0,0,0.0,0,0,0.0,0.0,0.016032252460718155,0.023392029106616974,nominal+raw,0,False,0,49.8
S5,76,nominal+raw,6,60.0,nan,nan,6.7,6.7,1.142364117190785,4.2,4.2,1.1317249245794008,5.68,5.68,1.1480884620675966,9.3,9.3,1.042175623005336,60.0,nan,nan,0.0,False,2,True,60.0,6.470000000000001,1.1160882817107796,0.18944089826725552,nan,2904,0.5105591017327444,0,0.0,0,0,0.0,0.0,0.01727975904941559,0.03622518852353096,nominal+raw,0,False,3,287.1
S5,77,nominal+raw,6,60.0,nan,nan,60.0,nan,nan,5.12,5.12,1.17507869253271,3.58,3.58,1.4503713922109318,4.12,4.12,1.4661703889190028,5.12,5.12,1.242804641595433,0.0,False,2,True,60.0,4.485,1.3336062788145193,0.2152611912254121,nan,2827,0.48473880877458786,0,0.0,0,0,0.0,0.0,0.015904195606708527,0.03371201455593109,nominal+raw,0,False,1,287.6
S5,83,nominal+raw,6,6.44,6.44,0.9846629023417761,9.98,9.98,0.9751352258655803,7.9,7.9,0.9854022112114609,2.0,2.0,0.9738347014180678,4.24,4.24,0.9974831590209527,8.74,8.74,1.0115068723741114,0.0,True,0,False,9.98,6.550000000000001,0.9880041787053249,0.28478540428523785,nan,115,0.4152145957147621,0,0.0,0,0,0.0,0.0,0.016287900507450104,0.023183878511190414,nominal+raw,0,False,3,52.0
S5,81,nominal+raw,6,1.4000000000000001,1.4000000000000001,2.5387331368524353,60.0,nan,nan,60.0,nan,nan,4.78,4.78,1.214023305937167,60.0,nan,nan,10.66,10.66,1.1229609228770032,0.0,False,3,True,60.0,5.613333333333333,1.6252391218888684,0.14513319245196432,nan,2908,0.5548668075480356,0,0.0,0,0,0.0,0.0,0.01582503318786621,0.034431926906108856,nominal+raw,0,False,2,287.6
S5,85,nominal+raw,6,3.2600000000000002,3.2600000000000002,0.955116384998731,3.34,3.34,0.9683624293575668,3.74,3.74,0.9496518424636464,5.2,5.2,0.9662733099152231,5.58,5.58,0.9739309431196426,7.16,7.16,0.9676114598174637,0.0,True,0,False,7.16,4.713333333333334,0.9634910616120456,0.7770500972453054,nan,0,0.0,0,0.0,0,0,0.0,0.0,0.016032252460718155,0.023583881556987762,nominal+raw,0,False,3,39.3
S5,82,nominal+raw,6,6.44,6.44,1.2503297233243211,60.0,nan,nan,60.0,nan,nan,3.64,3.64,1.2936449850904619,6.54,6.54,1.1753692551058625,4.5200000000000005,4.5200000000000005,1.367061989307933,0.0,False,2,True,60.0,5.285,1.2716014882071447,0.2013730900420032,nan,2960,0.49862690995799674,0,0.0,0,0,0.0,0.0,0.016015954315662384,0.033360905945301056,nominal+raw,0,False,0,287.8
S5,86,nominal+raw,6,3.3000000000000003,3.3000000000000003,0.9626354376727702,7.58,7.58,0.9688344484745722,7.22,7.22,0.9695264729750089,5.5600000000000005,5.5600000000000005,0.9637994590765158,2.66,2.66,0.9483285762758675,4.12,4.12,0.957341487514917,0.0,True,0,False,7.58,5.073333333333333,0.961744313664942,0.6555727446972109,nan,31,0.044427255302789015,0,0.0,0,0,0.0,0.0,0.016303732991218567,0.024592038244009018,nominal+raw,0,False,2,40.8
S5,87,nominal+raw,6,8.24,8.24,0.9823264236007886,2.92,2.92,0.9476354787719212,4.1,4.1,1.060114605911571,2.74,2.74,0.966416216251543,9.48,9.48,0.9969817882070535,4.26,4.26,0.993850653262701,0.0,True,0,False,9.48,5.29,0.9912208610009297,0.24541600691737656,nan,215,0.4545839930826234,0,0.0,0,0,0.0,0.0,0.01609697937965393,0.022687949240207672,nominal+raw,0,False,3,49.3
S5,88,nominal+raw,6,6.8,6.8,0.9817113523763534,5.12,5.12,0.9811973546427111,3.1,3.1,0.9886601606208241,2.74,2.74,1.0257959855342185,7.5200000000000005,7.5200000000000005,0.9822212385478439,9.64,9.64,0.9770078214394552,0.0,True,0,False,9.64,5.82,0.9894323188602343,1.3113034549111617,nan,0,0.0,0,0.0,0,0,0.0,0.0,0.016367994248867035,0.02460833638906479,nominal+raw,0,False,0,50.5
S5,89,nominal+raw,6,12.88,12.88,1.0052193480136642,8.72,8.72,0.9895211349415884,3.1,3.1,0.9641578099272168,5.8,5.8,1.0086026603561513,6.26,6.26,0.9993218703951972,11.200000000000001,11.200000000000001,1.0073587504422918,0.0,True,0,False,12.88,7.993333333333334,0.9956969290126849,0.1453881855090362,nan,221,0.5546118144909638,0,0.0,0,0,0.0,0.0,0.01633632928133011,0.02404814586043358,nominal+raw,0,False,2,65.4
S5,90,nominal+raw,6,6.92,6.92,1.1088773672387529,5.82,5.82,0.9906713627595105,7.74,7.74,1.0277780594224282,13.72,13.72,1.0065009967133192,5.24,5.24,0.9861754797636025,5.88,5.88,0.9892656183207107,0.0,True,0,False,13.72,7.553333333333334,1.018211480703054,0.17245826857517801,nan,338,0.527541731424822,0,0.0,0,0,0.0,0.0,0.016448087990283966,0.02377573400735855,nominal+raw,0,False,3,69.6
S5,91,nominal+raw,6,6.22,6.22,0.9697933060863044,4.68,4.68,0.9637494191701166,2.96,2.96,0.946027468679697,3.8000000000000003,3.8000000000000003,0.9657046591011165,4.6000000000000005,4.6000000000000005,0.9626142697113218,6.72,6.72,0.9677549594942056,0.0,True,0,False,6.72,4.83,0.9626073470404604,1.1868869006078666,nan,0,0.0,0,0.0,0,0,0.0,0.0,0.01679966226220131,0.023744069039821625,nominal+raw,0,False,0,36.5
S5,92,nominal+raw,6,1.78,1.78,0.9044428460363139,2.42,2.42,0.9508626894464477,6.04,6.04,0.9644210474548753,3.2,3.2,0.9394129614349505,6.6000000000000005,6.6000000000000005,0.9611326510221917,6.6000000000000005,6.6000000000000005,0.9686032022436462,0.0,True,0,False,6.6000000000000005,4.44,0.9481458996064042,0.49084700277740256,nan,82,0.2091529972225974,0,0.0,0,0,0.0,0.0,0.016673002392053604,0.02508796751499176,nominal+raw,0,False,2,35.9
S5,93,nominal+raw,6,4.26,4.26,0.9635323135621037,2.72,2.72,0.979065366224432,4.2,4.2,0.9527265862334718,4.6000000000000005,4.6000000000000005,0.95628615734061,3.16,3.16,0.9414964730086721,7.22,7.22,0.9710969091073247,0.0,True,0,False,7.22,4.36,0.9607006342461024,0.298939334618757,nan,51,0.40106066538124296,0,0.0,0,0,0.0,0.0,0.01675216481089592,0.025472138077020645,nominal+raw,0,False,3,39.1
S5,95,nominal+raw,6,2.7600000000000002,2.7600000000000002,0.9670409164847379,4.74,4.74,0.9626293152997968,3.22,3.22,0.952357009986279,4.28,4.28,0.9514391538032732,3.3000000000000003,3.3000000000000003,0.9277733486254535,5.88,5.88,0.9668342570427704,0.0,True,0,False,5.88,4.03,0.9546790002070518,0.3403573665293381,nan,45,0.35964263347066183,0,0.0,0,0,0.0,0.0,0.01639965921640396,0.02416130155324936,nominal+raw,0,False,2,32.7
S5,97,nominal+raw,6,2.24,2.24,1.04040251957794,6.04,6.04,0.980443184984733,9.14,9.14,0.9749994747021867,5.98,5.98,0.9790280291098247,4.0200000000000005,4.0200000000000005,0.9945908082422168,7.38,7.38,0.9759883006725507,0.0,True,0,False,9.14,5.800000000000001,0.990908719548242,0.8464465091068017,nan,0,0.0,0,0.0,0,0,0.0,0.0,0.0156317837536335,0.021887943148612976,nominal+raw,0,False,2,47.8
S5,84,nominal+raw,6,16.22,16.22,1.134199805999804,8.22,8.22,1.2022648184065161,60.0,nan,nan,60.0,nan,nan,60.0,nan,nan,6.22,6.22,1.226053473899361,0.0,False,3,True,60.0,10.219999999999999,1.1875060327685603,0.22300842816455246,nan,2953,0.4769915718354475,0,0.0,0,0,0.0,0.0,0.017536338418722153,0.036431942135095596,nominal+raw,0,False,1,288.4
S5,94,nominal+raw,6,4.6000000000000005,4.6000000000000005,0.958388481769195,9.4,9.4,1.0548088216193794,28.1,28.1,1.0510898375942885,2.06,2.06,1.1469798163424307,6.4,6.4,1.3732169344299514,0.4,0.4,0.4666909602172138,0.0,True,0,False,28.1,8.493333333333334,1.0085291419954099,0.09356304610691028,nan,1042,0.6064369538930897,0,0.0,0,0,0.0,0.0,0.016559846699237823,0.034431926906108856,nominal+raw,0,False,0,137.9
S5,100,nominal+raw,6,6.8,6.8,0.9819327029703983,1.62,1.62,1.0903119644066321,10.700000000000001,10.700000000000001,0.9794999022308398,6.0600000000000005,6.0600000000000005,0.9807389095938628,4.4,4.4,0.9843446307063328,2.14,2.14,1.0146261266130443,0.0,True,0,False,10.700000000000001,5.286666666666667,1.0052423727535182,0.4686462009539994,nan,60,0.23135379904600056,0,0.0,0,0,0.0,0.0,0.015888363122940063,0.022624153643846512,nominal+raw,0,False,0,55.2
S5,101,nominal+raw,6,8.24,8.24,0.9715044179320557,5.3,5.3,0.9767408272552712,3.3000000000000003,3.3000000000000003,1.009398797563507,5.94,5.94,0.9820927705198202,2.1,2.1,0.9371709882623845,1.48,1.48,0.9179934911423548,0.0,True,0,False,8.24,4.3933333333333335,0.9658168821125656,0.7397176940585106,nan,0,0.0,0,0.0,0,0,0.0,0.0,0.016015954315662384,0.022895634174346924,nominal+raw,0,False,0,43.7
S5,102,nominal+raw,6,1.54,1.54,0.8618106932323206,2.24,2.24,0.9878970875031697,7.26,7.26,0.9708008107481321,4.68,4.68,0.9722086669306352,7.24,7.24,0.9691660357740334,2.2800000000000002,2.2800000000000002,0.9529169163109931,0.0,True,0,False,7.26,4.206666666666667,0.9524667017498807,0.6779103702867421,nan,13,0.022089629713257897,0,0.0,0,0,0.0,0.0,0.01571187749505043,0.021935906261205673,nominal+raw,0,False,0,39.0
S5,103,nominal+raw,6,4.12,4.12,1.0080379323784743,4.12,4.12,0.9673996155339518,9.3,9.3,0.9783026369691865,2.2600000000000002,2.2600000000000002,1.022993607762936,1.6400000000000001,1.6400000000000001,0.9680375490252591,3.68,3.68,1.00949065679817,0.0,True,0,False,9.3,4.1866666666666665,0.992376999744663,0.47702713917572126,nan,29,0.2229728608242787,0,0.0,0,0,0.0,0.0,0.015472061932086945,0.021824147552251816,nominal+raw,0,False,0,48.5
S5,96,nominal+raw,6,7.12,7.12,1.1175137086239113,60.0,nan,nan,1.96,1.96,0.9932852073951502,3.16,3.16,1.6075525031555238,60.0,nan,nan,4.9,4.9,1.2152052160657842,0.0,False,2,True,60.0,4.285,1.2333891588100925,0.20477505309437438,nan,2917,0.4952249469056256,0,0.0,0,0,0.0,0.0,0.017135869711637497,0.03615999594330788,nominal+raw,0,False,3,288.2
S5,98,nominal+raw,6,7.86,7.86,1.228097281571434,2.68,2.68,1.8046674034801593,9.1,9.1,1.0571415092132461,60.0,nan,nan,9.36,9.36,1.161430385950311,60.0,nan,nan,0.0,False,2,True,60.0,7.25,1.3128341450537877,0.20571523961794547,nan,2890,0.4942847603820545,0,0.0,0,0,0.0,0.0,0.016303732991218567,0.034224241971969604,nominal+raw,0,False,2,288.4
S5,99,nominal+raw,6,5.78,5.78,1.7216591528379932,60.0,nan,nan,60.0,nan,nan,60.0,nan,nan,12.82,12.82,1.1056456173135767,4.8,4.8,1.1958766981760438,0.0,False,3,True,60.0,7.8,1.341060489442538,0.14345982312039518,nan,2919,0.5565401768796048,0,0.0,0,0,0.0,0.0,0.01619197428226471,0.03108801320195198,nominal+raw,0,False,1,288.3
S5,106,nominal+raw,6,7.0200000000000005,7.0200000000000005,0.9734780531343391,7.5,7.5,0.9742133577854473,5.74,5.74,0.9816136052659304,4.5,4.5,0.9933221611276981,8.26,8.26,1.046684764876386,5.18,5.18,0.9776474015549715,0.0,True,0,False,8.26,6.366666666666667,0.9911598906241288,1.1596474531849918,nan,0,0.0,0,0.0,0,0,0.0,0.0,0.016320962458848953,0.024032313376665115,nominal+raw,0,False,2,44.0
S5,107,nominal+raw,6,7.92,7.92,0.9863445358492655,7.78,7.78,0.9750456568557537,5.9,5.9,0.9751339769484615,7.94,7.94,0.9719539546831508,2.08,2.08,0.9191238743170016,5.78,5.78,0.9715720964266271,0.0,True,0,False,7.94,6.233333333333333,0.96652901584671,0.2742250171417928,nan,80,0.42577498285820714,0,0.0,0,0,0.0,0.0,0.01619197428226471,0.023280270397663116,nominal+raw,0,False,1,42.4
S5,108,nominal+raw,6,8.94,8.94,1.2381094789155904,2.34,2.34,1.2549041611232277,8.4,8.4,1.2792157779379145,3.7600000000000002,3.7600000000000002,1.1089000231152175,31.78,31.78,1.2415019674015286,5.46,5.46,1.1203552754164563,0.0,True,0,False,31.78,10.113333333333333,1.2071644473183225,0.0,nan,1428,0.7,0,0.0,0,0,0.0,0.0,0.015984289348125458,0.023152213543653488,nominal+raw,1,False,2,154.5
S5,104,nominal+raw,6,7.6000000000000005,7.6000000000000005,1.2044952598661833,60.0,nan,nan,2.84,2.84,1.3828375222181113,60.0,nan,nan,3.06,3.06,1.0998932054367192,7.98,7.98,1.1585998069569434,0.0,False,2,True,60.0,5.37,1.2114564486194892,0.15551362624102288,nan,2854,0.5444863737589771,0,0.0,0,0,0.0,0.0,0.01735985279083252,0.03595184534788132,nominal+raw,0,False,0,288.4
S5,105,nominal+raw,6,6.48,6.48,1.1255773335295152,60.0,nan,nan,4.88,4.88,1.3368319163899671,8.08,8.08,1.123846741283259,2.48,2.48,1.2654224027370913,1.94,1.94,0.9143769341120879,0.0,False,1,True,60.0,4.772,1.153211065610384,0.2037093742195143,nan,2888,0.49629062578048566,0,0.0,0,0,0.0,0.0,0.016239937394857407,0.024031847715377808,nominal+raw,0,False,3,287.9
S5,110,nominal+raw,6,2.08,2.08,0.96729851534442,2.6,2.6,0.9359576107504575,6.9,6.9,0.966433665459784,1.5,1.5,0.850484606668161,1.44,1.44,0.8242067003100471,5.0,5.0,0.968750666145689,0.0,True,0,False,6.9,3.2533333333333334,0.9188552941130931,1.0783382527313479,nan,0,0.0,0,0.0,0,0,0.0,0.0,0.016559846699237823,0.024016015231609344,nominal+raw,0,False,2,37.7
S5,109,nominal+raw,6,4.62,4.62,1.2001908581943468,5.8,5.8,1.1619380319822508,7.74,7.74,1.1924259488190196,60.0,nan,nan,6.04,6.04,1.1564370943110005,60.0,nan,nan,0.0,False,2,True,60.0,6.05,1.1777479833266544,0.21121848344599578,nan,2891,0.48878151655400415,0,0.0,0,0,0.0,0.0,0.016496051102876663,0.03550434485077858,nominal+raw,0,False,1,287.4
S5,114,nominal+raw,6,4.74,4.74,1.0137664719906405,6.44,6.44,0.9796667233339724,11.84,11.84,0.990842816342993,11.1,11.1,0.996366050732818,6.140000000000001,6.140000000000001,0.9897990875835639,5.16,5.16,0.9944249027419405,0.0,True,0,False,11.84,7.57,0.9941443421209881,0.20769707306125298,nan,138,0.492302926938747,0,0.0,0,0,0.0,0.0,0.016096048057079315,0.02248026430606842,nominal+raw,0,False,1,60.7
S5,115,nominal+raw,6,7.94,7.94,0.984292099838834,3.4,3.4,1.0125128041631029,2.5,2.5,0.985673641035734,10.4,10.4,0.9791575019189972,8.48,8.48,0.9825736544587073,1.78,1.78,1.1004311078521007,0.0,True,0,False,10.4,5.75,1.0074401348779127,0.3596261005200131,nan,140,0.34037389947998686,0,0.0,0,0,0.0,0.0,0.015967991203069687,0.02308795228600502,nominal+raw,0,False,1,54.0
S5,111,nominal+raw,6,3.42,3.42,1.37932344658299,5.04,5.04,1.222749809361886,3.34,3.34,1.3682397879692687,60.0,nan,nan,4.82,4.82,1.2875698838406138,4.08,4.08,1.1690736165094016,0.0,False,1,True,60.0,4.14,1.285391308852832,0.0,nan,2773,0.7,0,0.0,0,0,0.0,0.0,0.016896985471248627,0.03654416650533676,nominal+raw,1,False,0,287.8
S5,112,nominal+raw,6,1.8,1.8,0.9093764808720893,60.0,nan,nan,60.0,nan,nan,8.32,8.32,1.1393225538764231,7.04,7.04,1.2297477758876267,3.06,3.06,1.2691889284653415,0.0,False,2,True,60.0,5.055,1.1369089347753703,0.30183446190641533,nan,2887,0.3981655380935846,0,0.0,0,0,0.0,0.0,0.01611188054084778,0.023807864636182785,nominal+raw,0,False,3,287.8
S5,113,nominal+raw,6,60.0,nan,nan,7.1000000000000005,7.1000000000000005,1.1315643638664126,3.84,3.84,1.1803260455681712,5.88,5.88,1.2802364141708047,5.82,5.82,1.165967421079239,6.22,6.22,1.204336350757554,0.0,False,1,True,60.0,5.772,1.1924861190884364,0.0,nan,2776,0.7,0,0.0,0,0,0.0,0.0,0.015872996300458908,0.02446398138999939,nominal+raw,1,False,2,288.0
S5,118,nominal+raw,6,6.5600000000000005,6.5600000000000005,0.9778712379616217,8.1,8.1,1.0849422796276273,6.44,6.44,1.0151015485442685,3.64,3.64,0.9737641950906908,5.68,5.68,0.9805505955960722,0.18,0.18,0.7918468896842235,0.0,True,0,False,8.1,5.1,0.9706794577507507,0.14239392805348433,nan,215,0.5576060719465157,0,0.0,0,0,0.0,0.0,0.016112346202135086,0.02439972013235092,nominal+raw,0,False,3,43.2
S5,116,nominal+raw,6,6.24,6.24,1.266499221047664,3.4,3.4,1.2083617834626896,7.38,7.38,1.151733323644983,5.26,5.26,1.339031405416256,60.0,nan,nan,1.6400000000000001,1.6400000000000001,1.9238897090661522,0.0,False,1,True,60.0,4.784,1.377903088527549,0.09114838548950727,nan,2953,0.6088516145104927,0,0.0,0,0,0.0,0.0,0.017056241631507874,0.03606406971812248,nominal+raw,1,False,1,288.2
S5,117,nominal+raw,6,1.9000000000000001,1.9000000000000001,0.87360400165494,4.88,4.88,1.1873878027433784,3.9,3.9,1.2199007495266179,60.0,nan,nan,3.5,3.5,1.330282389390882,10.88,10.88,1.114139226362843,0.0,False,1,True,60.0,5.0120000000000005,1.1450628339357323,0.5243790474035439,nan,59,0.17562095259645605,0,0.0,0,0,0.0,0.0,0.016159843653440475,0.03406405448913574,nominal+raw,1,False,0,288.0
S5,119,nominal+raw,6,4.7,4.7,1.6120781476213257,8.58,8.58,1.081101435133153,12.32,12.32,1.1755308384492076,8.06,8.06,1.0883631883708236,7.640000000000001,7.640000000000001,1.1156928415237592,60.0,nan,nan,0.0,False,1,True,60.0,8.26,1.2145532902196539,0.08673864295340711,nan,2897,0.6132613570465928,0,0.0,0,0,0.0,0.0,0.016032252460718155,0.02507166936993599,nominal+raw,0,False,2,287.8
S5,120,nominal+raw,6,6.5,6.5,1.1541048890807528,5.4,5.4,1.1647173637935648,60.0,nan,nan,8.5,8.5,1.0191568126147614,5.08,5.08,1.301471367582141,9.34,9.34,1.2419075247486924,0.0,False,1,True,60.0,6.964,1.1762715915639825,0.14192717736245267,nan,225,0.5580728226375473,0,0.0,0,0,0.0,0.0,0.016160309314727783,0.03371294587850571,nominal+raw,0,False,3,288.1
S5,121,nominal+raw,6,4.72,4.72,1.3790960133979344,4.24,4.24,1.2313487162383783,60.0,nan,nan,60.0,nan,nan,5.44,5.44,1.337304854484688,3.5,3.5,1.3321245753533937,0.0,False,2,True,60.0,4.475,1.3199685398685985,0.17302840920131932,nan,2968,0.5269715907986806,0,0.0,0,0,0.0,0.0,0.01696031540632248,0.03660796210169792,nominal+raw,0,False,1,288.3
S5,122,nominal+raw,6,5.54,5.54,1.4447540438670374,3.18,3.18,1.6640357119005542,6.5600000000000005,6.5600000000000005,1.1245811869209625,60.0,nan,nan,6.6000000000000005,6.6000000000000005,1.129339152221843,60.0,nan,nan,0.0,False,2,True,60.0,5.470000000000001,1.3406775237275994,0.20853701097636218,nan,2881,0.4914629890236378,0,0.0,0,0,0.0,0.0,0.016367994248867035,0.03479979932308197,nominal+raw,0,False,0,288.7
S5,123,nominal+raw,6,60.0,nan,nan,4.94,4.94,1.2669845389944576,60.0,nan,nan,2.08,2.08,1.4300479498560767,2.14,2.14,1.586324533470072,5.98,5.98,1.1586634919837568,0.0,False,2,True,60.0,3.785,1.3605051285760907,0.14339395463993915,nan,2908,0.5566060453600608,0,0.0,0,0,0.0,0.0,0.016096048057079315,0.024704262614250183,nominal+raw,0,False,2,288.7
S5,124,nominal+raw,6,10.64,10.64,1.1708114141056642,7.38,7.38,1.058835248432308,11.08,11.08,1.1422427256705459,14.1,14.1,1.393685359801362,3.7800000000000002,3.7800000000000002,1.4862134914842173,60.0,nan,nan,0.0,False,1,True,60.0,9.396,1.2503576478988194,0.14574342659146747,nan,2866,0.5542565734085325,0,0.0,0,0,0.0,0.0,0.015841331332921982,0.033472198992967606,nominal+raw,1,False,3,288.7
S5,125,nominal+raw,6,1.6600000000000001,1.6600000000000001,1.2519946030039237,3.3000000000000003,3.3000000000000003,1.6174526103868174,2.8000000000000003,2.8000000000000003,1.156377316863094,5.78,5.78,1.186046613788721,60.0,nan,nan,60.0,nan,nan,0.0,False,2,True,60.0,3.3850000000000002,1.302967786010639,0.20207766938331195,nan,2873,0.497922330616688,0,0.0,0,0,0.0,0.0,0.01700781285762787,0.03595324233174324,nominal+raw,0,False,1,288.4
S5,126,nominal+raw,6,1.78,1.78,2.506432602724129,4.98,4.98,1.3117480362291267,3.8200000000000003,3.8200000000000003,1.065709211363828,2.88,2.88,1.6631179705295966,8.1,8.1,1.2438209921874057,60.0,nan,nan,0.0,False,1,True,60.0,4.312,1.5581657626068173,0.1764530239188401,nan,242,0.5235469760811599,0,0.0,0,0,0.0,0.0,0.016239937394857407,0.03417721018195152,nominal+raw,0,False,0,287.9
S5,127,nominal+raw,6,60.0,nan,nan,7.96,7.96,1.2083633265048266,3.9,3.9,1.2029852598804724,10.4,10.4,1.0852081668187228,7.24,7.24,1.1330883957285656,60.0,nan,nan,0.0,False,2,True,60.0,7.375,1.1574112872331468,0.14327036159081868,nan,2834,0.5567296384091813,0,0.0,0,0,0.0,0.0,0.01606391742825508,0.025424174964427948,nominal+raw,0,False,2,287.9
S5,130,nominal+raw,6,6.140000000000001,6.140000000000001,0.9706107729866328,5.4,5.4,0.9765627220802688,4.84,4.84,0.9707149290245238,7.42,7.42,0.968180199987629,6.6000000000000005,6.6000000000000005,0.9715383360519039,6.88,6.88,0.972542989452098,0.0,True,0,False,7.42,6.213333333333334,0.9716916582638427,0.37450002756833933,nan,80,0.3254999724316606,0,0.0,0,0,0.0,0.0,0.01619197428226471,0.024352222681045532,nominal+raw,0,False,0,40.3
S5,128,nominal+raw,6,4.68,4.68,1.2271656247751441,6.34,6.34,1.2668822802604784,7.28,7.28,1.2317789223112536,5.98,5.98,1.086224382327266,60.0,nan,nan,5.72,5.72,1.0156646080400287,0.0,False,1,True,60.0,6.0,1.1655431635428342,0.20536978580614249,nan,2936,0.49463021419385744,0,0.0,0,0,0.0,0.0,0.016080215573310852,0.03363238647580147,nominal+raw,0,False,3,287.9
S5,132,nominal+raw,6,6.98,6.98,0.975740475864113,3.44,3.44,0.974380424160064,2.88,2.88,0.9439804400730376,3.7600000000000002,3.7600000000000002,0.9476532599322954,2.64,2.64,0.9420117842412475,7.76,7.76,0.9729386456813796,0.0,True,0,False,7.76,4.576666666666667,0.9594508383253562,0.6031095785002463,nan,35,0.09689042149975369,0,0.0,0,0,0.0,0.0,0.01625576987862587,0.024673063308000565,nominal+raw,0,False,0,41.2
S5,133,nominal+raw,6,4.48,4.48,0.9645046723584378,3.7,3.7,0.9581837110757667,1.7,1.7,0.9063038193382436,3.7600000000000002,3.7600000000000002,0.9542798432238627,7.0200000000000005,7.0200000000000005,0.9646381044130102,5.2,5.2,0.9620876140795632,0.0,True,0,False,7.0200000000000005,4.3100000000000005,0.9516662940814807,0.9934477907502635,nan,0,0.0,0,0.0,0,0,0.0,0.0,0.015935860574245453,0.022448133677244186,nominal+raw,0,False,3,38.3
S5,134,nominal+raw,6,9.14,9.14,0.9737078894489356,7.34,7.34,0.9776249379013563,4.32,4.32,0.9764775660789918,5.66,5.66,0.979866766747672,6.7,6.7,0.9930279107240806,5.46,5.46,0.978715417343049,0.0,True,0,False,9.14,6.4366666666666665,0.9799034147073475,0.28501231304749974,nan,83,0.4149876869525002,0,0.0,0,0,0.0,0.0,0.016287900507450104,0.02438388764858246,nominal+raw,0,False,0,48.2
S5,129,nominal+raw,6,3.64,3.64,1.2781289087187149,6.86,6.86,1.0973530679651469,3.24,3.24,1.4945849656096264,60.0,nan,nan,2.08,2.08,2.011274088412287,60.0,nan,nan,0.0,False,2,True,60.0,3.955,1.4703352576764437,0.21379320089932316,nan,2941,0.48620679910067677,0,0.0,0,0,0.0,0.0,0.017135869711637497,0.036112964153289795,nominal+raw,0,False,1,288.0
S5,131,nominal+raw,6,60.0,nan,nan,3.9,3.9,1.450156574917268,3.74,3.74,1.332384549936802,60.0,nan,nan,1.58,1.58,1.9715114493654207,5.36,5.36,1.1387240521041997,0.0,False,2,True,60.0,3.645,1.4731941565809226,0.22004250449226134,nan,2837,0.4799574955077386,0,0.0,0,0,0.0,0.0,0.01646392047405243,0.03473600372672081,nominal+raw,0,False,2,288.5
S5,135,nominal+raw,6,2.1,2.1,1.1576656262842042,7.22,7.22,1.0394663602339802,3.18,3.18,1.5122877648974937,60.0,nan,nan,2.64,2.64,1.8291618329599186,3.7800000000000002,3.7800000000000002,1.5595977895569892,0.0,False,1,True,60.0,3.7840000000000003,1.4196358747865172,0.24877476976840784,nan,2806,0.4512252302315921,0,0.0,0,0,0.0,0.0,0.0164802186191082,0.03475276753306389,nominal+raw,0,False,3,288.1
S5,136,nominal+raw,6,60.0,nan,nan,2.58,2.58,1.6533899188350227,13.38,13.38,1.160327669065241,60.0,nan,nan,60.0,nan,nan,10.86,10.86,1.2034143537767235,0.0,False,3,True,60.0,8.94,1.3390439805589958,0.14105017173685577,nan,2915,0.5589498282631442,0,0.0,0,0,0.0,0.0,0.01646392047405243,0.03454415127635002,nominal+raw,0,False,0,288.5
S5,139,nominal+raw,6,5.9,5.9,0.991407427185929,2.56,2.56,0.9884598926252149,6.04,6.04,0.9793392939149952,7.22,7.22,0.9800497649822901,3.0,3.0,0.9749617330463246,9.44,9.44,0.9796896744579117,0.0,True,0,False,9.44,5.693333333333333,0.9823179643687776,0.4174204965868779,nan,93,0.28257950341312205,0,0.0,0,0,0.0,0.0,0.01620827242732048,0.02225581556558609,nominal+raw,0,False,3,50.2
S5,140,nominal+raw,6,6.86,6.86,0.9792580897380472,5.54,5.54,0.9736462928321284,3.7600000000000002,3.7600000000000002,0.9588597575440739,9.24,9.24,0.9744560405535021,6.72,6.72,0.9796894732167172,8.24,8.24,0.977717020349915,0.0,True,0,False,9.24,6.726666666666667,0.973937779039064,0.7455142815005128,nan,0,0.0,0,0.0,0,0,0.0,0.0,0.016320031136274338,0.02348935231566429,nominal+raw,0,False,0,48.8
S5,137,nominal+raw,6,60.0,nan,nan,6.48,6.48,1.1546226345151924,8.36,8.36,1.165327885536234,60.0,nan,nan,7.54,7.54,1.081669371747241,60.0,nan,nan,0.0,False,3,True,60.0,7.46,1.1338732972662224,0.19246324891076533,nan,2920,0.5075367510892346,0,0.0,0,0,0.0,0.0,0.016863923519849777,0.03528036177158356,nominal+raw,0,False,1,289.1
S5,138,nominal+raw,6,60.0,nan,nan,60.0,nan,nan,6.7,6.7,1.1317548445842955,2.42,2.42,1.4718763963467545,7.78,7.78,1.1240470802724285,5.66,5.66,1.1459771090991144,0.0,False,2,True,60.0,5.640000000000001,1.2184138575756482,0.30262761388893344,nan,2848,0.3973723861110665,0,0.0,0,0,0.0,0.0,0.016688834875822067,0.03419211134314537,nominal+raw,0,False,2,288.7
S5,141,nominal+raw,6,7.48,7.48,1.45234019233632,60.0,nan,nan,6.96,6.96,1.1171282593205825,5.6000000000000005,5.6000000000000005,1.2063878531205705,3.44,3.44,1.5296318293270603,2.82,2.82,1.4023581179884848,0.0,False,1,True,60.0,5.26,1.3415692504186036,0.1444442917924108,nan,2854,0.5555557082075891,0,0.0,0,0,0.0,0.0,0.01694401726126671,0.0356798991560936,nominal+raw,0,False,3,287.8
S5,142,nominal+raw,6,2.6,2.6,1.9780779263335277,7.5200000000000005,7.5200000000000005,1.1939898460246126,8.76,8.76,1.2423017859461973,1.72,1.72,2.5770137858138176,60.0,nan,nan,8.22,8.22,1.1162180075461885,0.0,False,1,True,60.0,5.764,1.6215202703328688,0.1231989603160609,nan,2873,0.576801039683939,0,0.0,0,0,0.0,0.0,0.01627206802368164,0.03424007445573807,nominal+raw,1,False,0,287.8
S5,145,nominal+raw,6,8.1,8.1,0.9762892431365333,8.56,8.56,0.9794120007560742,5.0600000000000005,5.0600000000000005,0.9810838256465968,1.58,1.58,0.9264202772049366,9.08,9.08,0.9783836237001697,4.34,4.34,0.9666222784198728,0.0,True,0,False,9.08,6.12,0.9680352081440305,0.582015908958864,nan,49,0.11798409104113594,0,0.0,0,0,0.0,0.0,0.01617567613720894,0.023472122848033905,nominal+raw,0,False,3,47.6
S5,147,nominal+raw,6,6.0,6.0,0.9811075318956266,3.96,3.96,0.9608639784751638,5.72,5.72,0.9716195490188586,3.38,3.38,0.9664210335867113,5.64,5.64,0.9650003874476418,6.94,6.94,0.9644687789642312,0.0,True,0,False,6.94,5.273333333333333,0.9682468765647055,0.2551676172215877,nan,83,0.44483238277841225,0,0.0,0,0,0.0,0.0,0.015967991203069687,0.022624153643846512,nominal+raw,0,False,3,38.0
S5,143,nominal+raw,6,12.4,12.4,1.0472309182787851,3.4,3.4,1.2720838008358808,5.14,5.14,1.36402184154173,60.0,nan,nan,4.28,4.28,1.3842228173591127,5.54,5.54,1.1817144733469354,0.0,False,1,True,60.0,6.152,1.2498547702724887,0.14360333967287514,nan,225,0.5563966603271249,0,0.0,0,0,0.0,0.0,0.016625039279460907,0.03470480442047119,nominal+raw,0,False,1,288.2
S5,144,nominal+raw,6,5.84,5.84,1.1487410356602676,6.54,6.54,1.1944146633676183,8.96,8.96,1.0737458277336431,8.02,8.02,1.0198487165364611,60.0,nan,nan,7.28,7.28,1.1436127060647727,0.0,False,1,True,60.0,7.328,1.1160725898725525,0.12967337437876267,nan,2879,0.5703266256212373,0,0.0,0,0,0.0,0.0,0.016511883586645126,0.03475183621048927,nominal+raw,0,False,2,287.8
S5,150,nominal+raw,6,8.700000000000001,8.700000000000001,0.9735432239361016,7.5600000000000005,7.5600000000000005,0.982216590323967,6.98,6.98,0.9771024384806104,1.6400000000000001,1.6400000000000001,1.0611027271117994,2.62,2.62,0.9843964112480151,8.36,8.36,0.9773456822829608,0.0,True,0,False,8.700000000000001,5.976666666666667,0.9926178455639091,0.473643438501562,nan,64,0.22635656149843797,0,0.0,0,0,0.0,0.0,0.016015954315662384,0.022639986127614975,nominal+raw,0,False,2,45.7
S5,146,nominal+raw,6,9.5,9.5,1.182553238074829,8.86,8.86,1.0157463442313306,60.0,nan,nan,12.14,12.14,1.073384510812892,2.58,2.58,1.978950163349799,7.94,7.94,1.2238717016087728,0.0,False,1,True,60.0,8.204,1.2949011916155246,0.1901949721915102,nan,261,0.5098050278084898,0,0.0,0,0,0.0,0.0,0.0170879065990448,0.03615999594330788,nominal+raw,0,False,0,288.0
S5,148,nominal+raw,6,60.0,nan,nan,60.0,nan,nan,7.88,7.88,1.1017397723881,60.0,nan,nan,7.6000000000000005,7.6000000000000005,1.1950575206454384,7.78,7.78,1.0776614607944197,0.0,False,3,True,60.0,7.753333333333334,1.1248195846093194,0.1614269310617525,nan,2938,0.5385730689382475,0,0.0,0,0,0.0,0.0,0.01620827242732048,0.033697113394737244,nominal+raw,0,False,3,287.7
S5,149,nominal+raw,6,2.34,2.34,1.0129580433217966,60.0,nan,nan,8.66,8.66,1.0313737483560594,6.66,6.66,1.2080245203994953,1.7,1.7,1.9957447007593772,60.0,nan,nan,0.0,False,2,True,60.0,4.84,1.312025253209182,0.1331467147376832,nan,2942,0.5668532852623167,0,0.0,0,0,0.0,0.0,0.016096048057079315,0.03175996243953705,nominal+raw,0,False,1,287.9
S5,154,nominal+raw,6,2.36,2.36,0.9615159957931498,6.94,6.94,0.9736226820398073,4.16,4.16,0.9700399994885519,3.72,3.72,0.9521395268487617,5.96,5.96,0.975327541143363,7.36,7.36,0.9725229106341043,0.0,True,0,False,7.36,5.083333333333334,0.967528109324623,0.388360403011513,nan,51,0.311639596988487,0,0.0,0,0,0.0,0.0,0.015951693058013916,0.022895634174346924,nominal+raw,0,False,1,39.2
S5,155,nominal+raw,6,5.76,5.76,0.9683719736707623,4.94,4.94,0.9738754676154033,7.98,7.98,0.9735208224720614,5.24,5.24,0.966688153978127,5.64,5.64,0.976156685817269,6.72,6.72,0.9786378460992321,0.0,True,0,False,7.98,6.046666666666667,0.9728751582754759,0.3234911240332018,nan,77,0.37650887596679816,0,0.0,0,0,0.0,0.0,0.015967991203069687,0.022528227418661118,nominal+raw,0,False,1,42.6
S5,151,nominal+raw,6,3.58,3.58,1.573585461645049,4.98,4.98,1.1153787886554782,3.38,3.38,1.3583750104012193,60.0,nan,nan,1.94,1.94,1.0646400580525022,1.62,1.62,0.8453817485176754,0.0,False,1,True,60.0,3.1,1.191472213454385,0.25023909993664184,nan,2897,0.4497609000633581,0,0.0,0,0,0.0,0.0,0.01662410795688629,0.0356319360435009,nominal+raw,0,False,2,288.5
S5,156,nominal+raw,6,6.0,6.0,0.9983362928545517,7.04,7.04,0.9803358243416219,5.36,5.36,0.9728342188251213,9.78,9.78,0.998774245860979,1.2,1.2,1.122399682767359,12.38,12.38,0.9978479743204205,0.0,True,0,False,12.38,6.96,1.011754706495009,0.21662363262537174,nan,223,0.4833763673746282,0,0.0,0,0,0.0,0.0,0.016576144844293594,0.02419203519821167,nominal+raw,0,False,1,63.4
S5,157,nominal+raw,6,6.5,6.5,0.9744988956523802,8.26,8.26,0.9774575131731195,5.84,5.84,0.9687689934813107,4.18,4.18,0.980174175407827,6.6000000000000005,6.6000000000000005,0.9710050846936843,0.0,0.0,0.5541650239768966,0.0,True,0,False,8.26,5.23,0.9043449477308697,0.23263148118950608,nan,90,0.4673685188104939,0,0.0,0,0,0.0,0.0,0.016383826732635498,0.021616928279399872,nominal+raw,0,False,2,43.9
S5,159,nominal+raw,6,2.62,2.62,0.9312289555257269,4.0600000000000005,4.0600000000000005,0.9687361723318801,3.54,3.54,0.9535446511045873,3.56,3.56,0.9551503687254101,5.32,5.32,0.9641003083051436,6.46,6.46,0.9609564179380822,0.0,True,0,False,6.46,4.26,0.9556194789884718,1.2558087747187487,nan,0,0.0,0,0.0,0,0,0.0,0.0,0.016256235539913177,0.023424159735441208,nominal+raw,0,False,2,35.3
S5,158,nominal+raw,6,9.200000000000001,9.200000000000001,0.9736110752281167,1.9000000000000001,1.9000000000000001,1.033735827178095,8.0,8.0,0.9863865728442179,8.620000000000001,8.620000000000001,0.9798822296542351,2.16,2.16,0.8568869175253326,8.24,8.24,0.9892863007971094,0.0,True,0,False,9.200000000000001,6.3533333333333335,0.9699648205378512,0.22003376490089466,nan,178,0.4799662350991053,0,0.0,0,0,0.0,0.0,0.016592442989349365,0.024032313376665115,nominal+raw,0,False,1,48.1
S5,152,nominal+raw,6,60.0,nan,nan,1.48,1.48,1.9766860087111695,5.96,5.96,1.1474566744315675,8.42,8.42,1.0571227254305828,7.6000000000000005,7.6000000000000005,1.0086061427274604,60.0,nan,nan,0.0,False,2,True,60.0,5.865,1.297467887825195,0.20931616081912557,nan,2824,0.4906838391808744,0,0.0,0,0,0.0,0.0,0.017055775970220566,0.03571202978491783,nominal+raw,0,False,0,288.4
S5,153,nominal+raw,6,10.6,10.6,1.1307217679329329,4.32,4.32,1.3123271717474199,4.36,4.36,1.1562351749980537,60.0,nan,nan,5.5600000000000005,5.5600000000000005,1.3273908534244607,60.0,nan,nan,0.0,False,2,True,60.0,6.21,1.2316687420257169,0.21151101090486746,nan,2929,0.4884889890951325,0,0.0,0,0,0.0,0.0,0.016576144844293594,0.033935997635126114,nominal+raw,0,False,3,288.0
S5,162,nominal+raw,6,7.24,7.24,0.9671347992760134,6.0600000000000005,6.0600000000000005,0.9675388019052542,1.82,1.82,0.9615103325279264,6.9,6.9,0.9734026895781616,6.62,6.62,0.9717849138659487,1.44,1.44,0.8303886555356187,0.0,True,0,False,7.24,5.013333333333334,0.9452933654481538,0.8934210267053455,nan,0,0.0,0,0.0,0,0,0.0,0.0,0.016079749912023544,0.02254405990242958,nominal+raw,0,False,0,38.8
S5,163,nominal+raw,6,0.88,0.88,0.9557046231228236,7.8,7.8,0.9966205770773239,1.82,1.82,1.016385434122259,6.26,6.26,0.9801636917196094,9.44,9.44,1.0115763383558074,9.22,9.22,0.9930995695755006,0.0,True,0,False,9.44,5.903333333333333,0.9922583723288873,0.2072905981968396,nan,211,0.49270940180316036,0,0.0,0,0,0.0,0.0,0.01612817868590355,0.023263972252607346,nominal+raw,0,False,3,49.0
S5,160,nominal+raw,6,2.86,2.86,1.4123267538683135,6.94,6.94,1.0430361306513405,2.86,2.86,1.8373649291778607,60.0,nan,nan,5.2,5.2,1.066307445815473,3.98,3.98,1.4749070865680665,0.0,False,1,True,60.0,4.368,1.3667884692162109,0.14357468248112795,nan,2897,0.556425317518872,0,0.0,0,0,0.0,0.0,0.01750374212861061,0.03667175769805908,nominal+raw,0,False,2,286.9
S5,161,nominal+raw,6,5.54,5.54,1.2460612587878288,2.8000000000000003,2.8000000000000003,1.1401202130145438,5.76,5.76,0.982348623525976,60.0,nan,nan,8.040000000000001,8.040000000000001,1.217510957961136,3.94,3.94,1.432461920510661,0.0,False,1,True,60.0,5.216,1.2037005947600292,0.24424875852141395,nan,2936,0.45575124147858603,0,0.0,0,0,0.0,0.0,0.015999656170606613,0.024911947548389435,nominal+raw,0,False,1,287.5
S5,164,nominal+raw,6,8.68,8.68,1.0937986950884686,2.6,2.6,1.4894116656913354,1.76,1.76,1.0414663081271973,60.0,nan,nan,5.0,5.0,1.0349505243449244,3.16,3.16,1.2686085028474388,0.0,False,1,True,60.0,4.24,1.1856471392198729,0.14755400916761394,nan,2847,0.552445990832386,0,0.0,0,0,0.0,0.0,0.016287900507450104,0.0349762849509716,nominal+raw,0,False,0,287.7
S5,165,nominal+raw,6,60.0,nan,nan,8.32,8.32,1.1116304655218667,5.0,5.0,1.1826429918475718,4.48,4.48,1.18335889033285,2.08,2.08,1.8911126471998845,6.7,6.7,1.1584633841869392,0.0,False,1,True,60.0,5.316,1.3054416758178224,0.02857007141079863,nan,2767,0.6714299285892014,0,0.0,0,0,0.0,0.0,0.015935860574245453,0.03433600068092346,nominal+raw,1,False,3,287.9
S5,169,nominal+raw,6,5.94,5.94,0.9576637683443664,1.32,1.32,0.9006316031226873,4.54,4.54,0.9645938410042663,4.1,4.1,0.9550747419413687,2.6,2.6,0.9446056392978517,2.82,2.82,0.9656714271816477,0.0,True,0,False,5.94,3.5533333333333332,0.948040170148698,0.5497325938990436,nan,29,0.15026740610095635,0,0.0,0,0,0.0,0.0,0.016351696103811264,0.023119617253541946,nominal+raw,0,False,3,33.1
S5,170,nominal+raw,6,6.44,6.44,0.9631501840531191,5.64,5.64,0.9653984950197559,5.2,5.2,0.9637260343556051,4.4,4.4,0.9583823519738585,3.7,3.7,0.9528157358963167,5.9,5.9,0.9650553708955886,0.0,True,0,False,6.44,5.213333333333334,0.9614213620323739,0.43020419306019586,nan,30,0.2697958069398041,0,0.0,0,0,0.0,0.0,0.016143545508384705,0.02267211675643921,nominal+raw,0,False,3,35.3
S5,166,nominal+raw,6,3.96,3.96,1.4870383656977026,10.200000000000001,10.200000000000001,1.1535202127820965,60.0,nan,nan,6.34,6.34,1.0282173505706658,2.94,2.94,1.4661124248835364,60.0,nan,nan,0.0,False,2,True,60.0,5.86,1.2837220884835003,0.12601619212155127,nan,2827,0.5739838078784487,0,0.0,0,0,0.0,0.0,0.016927719116210938,0.03606406971812248,nominal+raw,0,False,2,288.7
S5,167,nominal+raw,6,60.0,nan,nan,60.0,nan,nan,60.0,nan,nan,11.14,11.14,1.2314948638091787,7.68,7.68,1.194206108789295,60.0,nan,nan,0.0,False,4,True,60.0,9.41,1.2128504862992369,0.14269151369183777,nan,2955,0.5573084863081622,0,0.0,0,0,0.0,0.0,0.01606391742825508,0.02475222572684288,nominal+raw,0,False,1,288.6
S5,172,nominal+raw,6,7.640000000000001,7.640000000000001,0.9717523027285583,7.04,7.04,0.9704406691544388,5.72,5.72,0.9728812332229532,4.86,4.86,0.9668413703683335,6.2,6.2,0.9761196681258821,5.5200000000000005,5.5200000000000005,0.9682478590909994,0.0,True,0,False,7.640000000000001,6.163333333333334,0.9710471837818608,0.24815692794566263,nan,102,0.4518430720543373,0,0.0,0,0,0.0,0.0,0.01622503623366356,0.023759901523590088,nominal+raw,0,False,2,41.2
S5,168,nominal+raw,6,4.94,4.94,1.147004321256504,3.86,3.86,1.3474830190290803,7.92,7.92,1.1211457719877875,1.24,1.24,3.116412511244283,60.0,nan,nan,3.22,3.22,1.2184686674880985,0.0,False,1,True,60.0,4.236,1.5901028582011507,0.0,nan,2587,0.7,0,0.0,0,0,0.0,0.0,0.01628836616873741,0.03518490120768547,nominal+raw,1,False,0,288.1
S5,174,nominal+raw,6,8.08,8.08,0.9788192342911084,6.9,6.9,0.9736127499349523,2.04,2.04,1.0058260631229288,2.92,2.92,0.9473883368248266,3.18,3.18,0.955039387094446,8.120000000000001,8.120000000000001,0.9752620701858831,0.0,True,0,False,8.120000000000001,5.206666666666667,0.9726579735756908,0.4617954771181431,nan,72,0.23820452288185684,0,0.0,0,0,0.0,0.0,0.016048084944486618,0.023679807782173157,nominal+raw,0,False,2,42.9
S5,176,nominal+raw,6,7.0,7.0,0.9666596086420073,3.02,3.02,0.9473150633387767,2.6,2.6,0.9365393364193512,6.28,6.28,0.9723826407881719,3.98,3.98,0.9610303060046812,2.84,2.84,0.9987027547117406,0.0,True,0,False,7.0,4.286666666666667,0.9637716183174548,1.1466787336513762,nan,0,0.0,0,0.0,0,0,0.0,0.0,0.016015954315662384,0.022641383111476898,nominal+raw,0,False,2,38.1
S5,175,nominal+raw,6,10.8,10.8,0.9883721591506509,12.1,12.1,0.9904482347489251,3.66,3.66,1.0089356136078715,4.12,4.12,1.0030195569812193,3.08,3.08,1.093699091792815,3.16,3.16,1.1218662170439635,0.0,True,0,False,12.1,6.153333333333333,1.0343901455542408,0.19335990202599568,nan,308,0.5066400979740042,0,0.0,0,0,0.0,0.0,0.01627206802368164,0.02400018274784088,nominal+raw,0,False,0,61.9
S5,171,nominal+raw,6,5.18,5.18,1.2852542547580739,60.0,nan,nan,10.36,10.36,1.026049453943255,3.2800000000000002,3.2800000000000002,1.187483166963016,6.140000000000001,6.140000000000001,1.1677421982551661,1.4000000000000001,1.4000000000000001,2.476369619884652,0.0,False,1,True,60.0,5.272,1.4285797387608326,0.1102092397141146,nan,2871,0.5897907602858854,0,0.0,0,0,0.0,0.0,0.016720034182071686,0.03588898107409477,nominal+raw,0,False,3,287.9
S5,178,nominal+raw,6,3.42,3.42,0.983620704844628,6.74,6.74,1.0003029398231527,10.76,10.76,0.9899181931027269,5.96,5.96,1.0055205928888624,7.0,7.0,0.9854857063680232,6.08,6.08,0.98519719636488,0.0,True,0,False,10.76,6.66,0.9916742222320456,0.21522114713733634,nan,98,0.48477885286266365,0,0.0,0,0,0.0,0.0,0.015935860574245453,0.022303778678178787,nominal+raw,0,False,0,55.6
S5,179,nominal+raw,6,2.02,2.02,1.0423690660428362,6.1000000000000005,6.1000000000000005,0.9818896729804664,1.96,1.96,1.0085778376012637,6.0600000000000005,6.0600000000000005,0.9803487804531222,8.02,8.02,0.9824818541822837,9.44,9.44,0.9747774720874501,0.0,True,0,False,9.44,5.6,0.9950741138912371,0.9280692964720266,nan,0,0.0,0,0.0,0,0,0.0,0.0,0.016224104911088943,0.02364814281463623,nominal+raw,0,False,3,49.6
S5,173,nominal+raw,6,4.86,4.86,1.125826999928498,60.0,nan,nan,60.0,nan,nan,4.44,4.44,1.3820057681001205,7.5,7.5,1.0466705978202664,3.12,3.12,1.3465228838183136,0.0,False,2,True,60.0,4.98,1.2252565624167997,0.2396701856290253,nan,2963,0.46032981437097464,0,0.0,0,0,0.0,0.0,0.01689605414867401,0.03560073673725128,nominal+raw,0,False,1,287.8
S5,181,nominal+raw,6,7.88,7.88,1.101543255645457,5.8,5.8,1.0219109529693664,14.52,14.52,1.0154481748861375,5.88,5.88,1.0061321593844033,4.66,4.66,1.040890625857487,7.58,7.58,0.9823648794916875,0.0,True,0,False,14.52,7.72,1.028048341372423,0.1952693123151268,nan,279,0.5047306876848732,0,0.0,0,0,0.0,0.0,0.01633632928133011,0.023311935365200043,nominal+raw,0,False,3,73.4
S5,183,nominal+raw,6,5.0,5.0,0.9717499528337997,8.18,8.18,0.9751798136906678,2.58,2.58,0.9586353795208412,8.2,8.2,0.970954206715814,4.94,4.94,0.9766509557014056,3.9,3.9,0.9773661458384343,0.0,True,0,False,8.2,5.466666666666667,0.9717560757168271,0.6585743015094907,nan,9,0.041425698490509255,0,0.0,0,0,0.0,0.0,0.016016885638237,0.0220639631152153,nominal+raw,0,False,3,43.8
S5,177,nominal+raw,6,4.72,4.72,1.3072262519232076,60.0,nan,nan,8.26,8.26,1.1361755715381818,7.34,7.34,1.1329149124310984,60.0,nan,nan,3.7,3.7,1.2851765995048614,0.0,False,2,True,60.0,6.005,1.2153733338493373,0.14497911265137284,nan,2868,0.5550208873486271,0,0.0,0,0,0.0,0.0,0.01699291169643402,0.03590434789657593,nominal+raw,0,False,2,287.9
S5,184,nominal+raw,6,8.02,8.02,0.9790495048516024,8.22,8.22,0.9820866060708688,9.66,9.66,1.0078932827214002,2.16,2.16,0.9373468276550666,2.58,2.58,1.046369163179849,7.78,7.78,0.9773701783395446,0.0,True,0,False,9.66,6.403333333333333,0.9883525938030553,0.1710630362330487,nan,142,0.5289369637669512,0,0.0,0,0,0.0,0.0,0.016079749912023544,0.022720079869031906,nominal+raw,0,False,3,50.4
S5,186,nominal+raw,6,2.52,2.52,1.137479935872504,12.3,12.3,0.9855250174194229,3.6,3.6,1.018583027260216,8.16,8.16,0.9870579928511983,7.0,7.0,1.014700460226865,7.6000000000000005,7.6000000000000005,1.0117070719361725,0.0,True,0,False,12.3,6.863333333333333,1.0258422509277298,0.20968457708219257,nan,353,0.4903154229178074,0,0.0,0,0,0.0,0.0,0.015967991203069687,0.02343999221920967,nominal+raw,0,False,3,62.9
S5,180,nominal+raw,6,60.0,nan,nan,5.08,5.08,1.135742093524479,11.98,11.98,1.0668994644708014,9.74,9.74,1.1455921750455211,6.92,6.92,1.0510405328350056,60.0,nan,nan,0.0,False,2,True,60.0,8.43,1.0998185664689517,0.1412054836352874,nan,2895,0.5587945163647126,0,0.0,0,0,0.0,0.0,0.016784295439720154,0.03433600068092346,nominal+raw,0,False,0,288.5
S5,182,nominal+raw,6,5.04,5.04,1.074789504586253,1.8800000000000001,1.8800000000000001,1.0801279262434729,60.0,nan,nan,1.42,1.42,1.4297821614334965,1.6400000000000001,1.6400000000000001,2.2597031657497815,3.5,3.5,1.0701319451378197,0.0,False,1,True,60.0,2.696,1.3829069406301646,0.25109128628564986,nan,2871,0.4489087137143501,0,0.0,0,0,0.0,0.0,0.016991980373859406,0.03507174551486969,nominal+raw,0,False,1,288.7
S5,189,nominal+raw,6,4.24,4.24,1.0513636666885855,4.74,4.74,1.0364357975702108,16.38,16.38,1.4382465933039001,15.540000000000001,15.540000000000001,1.0982584962822446,6.08,6.08,1.0011371650714436,8.44,8.44,1.0140357104578095,0.0,True,0,False,16.38,9.236666666666666,1.1065795715623656,0.19588236935731657,nan,588,0.5041176306426833,0,0.0,0,0,0.0,0.0,0.016159843653440475,0.022928230464458466,nominal+raw,0,False,1,82.1
S5,185,nominal+raw,6,11.16,11.16,1.187395468008413,5.34,5.34,1.1882138228439763,60.0,nan,nan,3.64,3.64,1.2951380376070285,3.62,3.62,1.336398210716529,1.98,1.98,1.7781882468696928,0.0,False,1,True,60.0,5.148,1.357066757209128,0.17368480701700015,nan,190,0.5263151929829998,0,0.0,0,0,0.0,0.0,0.016960781067609787,0.03545638173818588,nominal+raw,0,False,2,288.2
S5,187,nominal+raw,6,3.02,3.02,1.3266686985685474,3.06,3.06,1.3916731071945674,60.0,nan,nan,6.54,6.54,1.223294404101953,2.74,2.74,1.0133744090701686,3.74,3.74,1.2658476489866062,0.0,False,1,True,60.0,3.8200000000000003,1.2441716535843685,0.26968353245632243,nan,2850,0.4303164675436775,0,0.0,0,0,0.0,0.0,0.016928184777498245,0.03459211438894272,nominal+raw,0,False,3,288.3
S5,188,nominal+raw,6,60.0,nan,nan,2.94,2.94,1.2178028971820245,3.8000000000000003,3.8000000000000003,1.5359684509380507,6.5600000000000005,6.5600000000000005,1.280151534623269,6.5200000000000005,6.5200000000000005,1.138755718694521,4.32,4.32,1.034886960469525,0.0,False,1,True,60.0,4.828,1.241513112381478,0.09155438970503146,nan,2891,0.6084456102949685,0,0.0,0,0,0.0,0.0,0.016272999346256256,0.025263987481594086,nominal+raw,1,False,0,288.4
S5,193,nominal+raw,6,2.46,2.46,0.9590971937057038,4.16,4.16,0.9615434164037995,4.28,4.28,0.9707085548321464,7.12,7.12,0.9666891820822929,2.32,2.32,0.9485304085559063,2.9,2.9,0.9565550866173107,0.0,True,0,False,7.12,3.8733333333333335,0.9605206403661932,0.6260262980551903,nan,39,0.07397370194480968,0,0.0,0,0,0.0,0.0,0.01592002809047699,0.022783875465393066,nominal+raw,0,False,0,38.3
S5,194,nominal+raw,6,7.48,7.48,0.9732473242220442,5.5,5.5,0.9653208858034692,4.28,4.28,0.9699010237884441,5.36,5.36,0.9785113583844537,3.84,3.84,0.976037889104952,3.1,3.1,0.9737756024166683,0.0,True,0,False,7.48,4.926666666666667,0.9727990139533386,0.3435301706122057,nan,75,0.35646982938779426,0,0.0,0,0,0.0,0.0,0.01600058749318123,0.023408327251672745,nominal+raw,0,False,0,39.8
S5,195,nominal+raw,6,7.58,7.58,0.9656701738521627,4.4,4.4,0.9767214544401216,6.72,6.72,0.9697967383399194,4.78,4.78,0.9734764628857995,4.78,4.78,0.9641923842210555,4.72,4.72,0.9762292730530632,0.0,True,0,False,7.58,5.496666666666667,0.9710144144653536,0.20690386518253667,nan,90,0.4930961348174633,0,0.0,0,0,0.0,0.0,0.015952158719301224,0.023616943508386612,nominal+raw,0,False,0,40.9
S5,196,nominal+raw,6,1.46,1.46,0.8996320783508137,1.8800000000000001,1.8800000000000001,0.8804096970086445,8.84,8.84,0.971760141879143,5.8,5.8,0.9708558776177187,6.6000000000000005,6.6000000000000005,0.9747819816704021,6.5600000000000005,6.5600000000000005,0.9715340102998402,0.0,True,0,False,8.84,5.19,0.9448289644710937,0.9140334768712631,nan,0,0.0,0,0.0,0,0,0.0,0.0,0.015840865671634674,0.02227211371064186,nominal+raw,0,False,0,46.5
S5,190,nominal+raw,6,9.86,9.86,1.1515803134942137,3.48,3.48,1.2359596463964873,60.0,nan,nan,60.0,nan,nan,2.5,2.5,1.525954434380744,6.0200000000000005,6.0200000000000005,1.0660537479253718,0.0,False,2,True,60.0,5.465,1.2448870355492043,0.15791534313554087,nan,2857,0.5420846568644591,0,0.0,0,0,0.0,0.0,0.017375685274600983,0.03638537600636482,nominal+raw,0,False,1,288.0
S5,197,nominal+raw,6,5.54,5.54,0.9643415448186384,5.12,5.12,0.9618691478259994,2.74,2.74,0.9728454422628661,1.6400000000000001,1.6400000000000001,0.8960192248736627,5.54,5.54,0.9690605856623348,6.8,6.8,0.967694855938506,0.0,True,0,False,6.8,4.5633333333333335,0.9553051335636679,1.196077066187122,nan,0,0.0,0,0.0,0,0,0.0,0.0,0.01681596040725708,0.024496112018823624,nominal+raw,0,False,0,37.1
S5,191,nominal+raw,6,3.2800000000000002,3.2800000000000002,1.3498531248270296,5.22,5.22,1.0268431752823293,60.0,nan,nan,3.14,3.14,1.6759850246829446,60.0,nan,nan,4.92,4.92,1.3626109944695697,0.0,False,2,True,60.0,4.14,1.3538230798154682,0.20645806119974186,nan,2781,0.4935419388002581,0,0.0,0,0,0.0,0.0,0.01646392047405243,0.03364775329828262,nominal+raw,0,False,2,288.6
S5,199,nominal+raw,6,3.6,3.6,0.9829056009409487,5.96,5.96,0.9763580408753637,3.52,3.52,0.9746613223702919,4.08,4.08,0.9598587673997475,1.1400000000000001,1.1400000000000001,0.7763398853488434,8.9,8.9,0.9767411783173442,0.0,True,0,False,8.9,4.533333333333333,0.94114413254209,1.4205172315116077,nan,0,0.0,0,0.0,0,0,0.0,0.0,0.01660827547311783,0.023871660232543945,nominal+raw,0,False,0,46.8
S5,192,nominal+raw,6,60.0,nan,nan,6.08,6.08,1.153139007883675,7.42,7.42,1.1190034712468273,4.1,4.1,1.233608312688415,8.36,8.36,1.0353471621668304,60.0,nan,nan,0.0,False,2,True,60.0,6.49,1.135274488496437,0.14026803922302578,nan,2860,0.5597319607769742,0,0.0,0,0,0.0,0.0,0.01683225855231285,0.034992117434740067,nominal+raw,0,False,3,288.5
S5,202,nominal+raw,6,5.9,5.9,0.9843899838327099,3.12,3.12,0.9639609331475266,2.02,2.02,0.8880119240827277,8.58,8.58,0.9769266729156363,2.48,2.48,0.9787539961803972,7.78,7.78,0.9746361189758741,0.0,True,0,False,8.58,4.98,0.9611132715224786,1.4711036845877499,nan,0,0.0,0,0.0,0,0,0.0,0.0,0.015999656170606613,0.02239970490336418,nominal+raw,0,False,3,45.2
S5,203,nominal+raw,6,8.2,8.2,0.9804600761108544,0.74,0.74,1.1935183367267193,7.82,7.82,0.9754791295603177,9.46,9.46,0.9795528496616019,4.36,4.36,0.9869651543076599,2.88,2.88,0.9878314996200385,0.0,True,0,False,9.46,5.576666666666667,1.0173011743311986,0.8586594124034844,nan,0,0.0,0,0.0,0,0,0.0,0.0,0.015888363122940063,0.02227211371064186,nominal+raw,0,False,3,49.3
S5,204,nominal+raw,6,2.4,2.4,0.9655784681059795,5.84,5.84,0.9770468328292947,9.36,9.36,0.9779505069474734,6.6000000000000005,6.6000000000000005,0.9853919547622744,6.58,6.58,0.975818232528499,5.48,5.48,0.9776373363572429,0.0,True,0,False,9.36,6.043333333333333,0.9765705552551274,0.6085556361055199,nan,27,0.09144436389448007,0,0.0,0,0,0.0,0.0,0.015600118786096573,0.022079795598983765,nominal+raw,0,False,3,48.7
S5,198,nominal+raw,6,0.98,0.98,6.846511678624855,4.54,4.54,1.2401065059198324,13.1,13.1,1.0619667325321294,3.9,3.9,1.5042316189935863,60.0,nan,nan,2.02,2.02,2.040343487427009,0.0,False,1,True,60.0,4.9079999999999995,2.5386320046994824,0.1919907137115376,nan,305,0.5080092862884624,0,0.0,0,0,0.0,0.0,0.017375685274600983,0.03606406971812248,nominal+raw,0,False,1,288.1
S5,205,nominal+raw,6,2.82,2.82,0.9728856931395592,3.62,3.62,0.9979755418680725,3.04,3.04,0.9964850290691034,9.06,9.06,0.9780410489182741,3.56,3.56,1.0017725974164127,4.84,4.84,0.9659728237123458,0.0,True,0,False,9.06,4.49,0.9855221223539613,0.9048893901526256,nan,0,0.0,0,0.0,0,0,0.0,0.0,0.015680212527513504,0.023408327251672745,nominal+raw,0,False,3,48.0
S5,200,nominal+raw,6,7.12,7.12,1.1908171052336851,8.72,8.72,1.1114645631507207,60.0,nan,nan,2.14,2.14,1.7182315591322792,60.0,nan,nan,8.48,8.48,1.1301464660776377,0.0,False,2,True,60.0,6.615,1.2876649233985806,0.18453969133110026,nan,200,0.5154603086688997,0,0.0,0,0,0.0,0.0,0.016353093087673187,0.03350386396050453,nominal+raw,0,False,2,288.1
S5,207,nominal+raw,6,7.6000000000000005,7.6000000000000005,0.982272559134543,2.38,2.38,0.9298907190274353,5.16,5.16,0.9776398437751891,6.66,6.66,0.975736024608042,1.74,1.74,0.9401329396791458,6.72,6.72,0.9787405662970105,0.0,True,0,False,7.6000000000000005,5.043333333333333,0.9640687754202276,0.20696189215498514,nan,178,0.4930381078450148,0,0.0,0,0,0.0,0.0,0.0163358636200428,0.023167580366134644,nominal+raw,0,False,3,40.6
S5,201,nominal+raw,6,1.1,1.1,0.747756873296135,3.2800000000000002,3.2800000000000002,1.3907004329463764,7.5,7.5,1.0997758508921258,60.0,nan,nan,60.0,nan,nan,1.4000000000000001,1.4000000000000001,3.6601547190761514,0.0,False,2,True,60.0,3.3200000000000003,1.7245969690526972,0.12682238973168344,nan,2910,0.5731776102683165,0,0.0,0,0,0.0,0.0,0.016479752957820892,0.03392016515135765,nominal+raw,0,False,0,288.2
S5,209,nominal+raw,6,5.04,5.04,0.967209429231952,6.16,6.16,0.9776012243245263,7.8,7.8,0.9718377912850821,5.14,5.14,0.9659779402883589,1.94,1.94,0.9239768212312297,3.6,3.6,0.9573543136189165,0.0,True,0,False,7.8,4.946666666666666,0.9606595866633443,1.3764216183306286,nan,0,0.0,0,0.0,0,0,0.0,0.0,0.0161132775247097,0.024304259568452835,nominal+raw,0,False,3,41.9
S5,206,nominal+raw,6,9.16,9.16,1.108862792248796,9.94,9.94,1.168538281164567,3.74,3.74,1.247585779665622,60.0,nan,nan,4.28,4.28,1.034871766555194,60.0,nan,nan,0.0,False,2,True,60.0,6.78,1.1399646549085447,0.1854290541787337,nan,2814,0.5145709458212663,0,0.0,0,0,0.0,0.0,0.017583835870027542,0.03665639087557793,nominal+raw,0,False,1,286.8
S5,208,nominal+raw,6,2.6,2.6,1.4459734563626583,6.62,6.62,1.2365184422243112,6.34,6.34,1.1401833788956026,60.0,nan,nan,3.04,3.04,1.5469944338112205,3.14,3.14,1.1602192994234524,0.0,False,1,True,60.0,4.348,1.305977802143449,1.1915710771357872,nan,0,0.0,0,0.0,0,0,0.0,0.0,0.016287900507450104,0.033744145184755325,nominal+raw,1,False,2,285.9
